λ_teo (Å),λ_obs (Å),Flujo,Profundidad,Velocidad (m/s),Curvatura,Bisectriz,Coef 0,Coef 1,Coef 2,Coef 3,Coef 4
3940.8776,3940.88729158407,0.07851158908236844,0.9214884109176316,737.2631442260725,1655577070.3172815,920.9518694565667,0.08610160300438752,-1.2746116560990368,53.300511711432,-68.78646604858116,7318.499158984486
3941.2753,3941.276313262568,0.4567733522170503,0.5432266477829497,77.07365071869755,4823228774.399211,-1011.3921600614304,0.457489508033025,-0.669635978699592,155.25089038552633,640.9644724637474,-18600.374120828652
3946.9949,3946.996638919232,0.2402997323321294,0.7597002676678706,132.07893193124073,3938288700.2143307,558.8300914129451,0.24038092714287404,0.2027608495999475,126.39911714522474,-235.09528223109737,-4692.5379750999355
3948.0973,3948.098891802287,0.1841573230280825,0.8158426769719175,120.87096241469017,3100283115.4009695,-173.60991901353663,0.184232875731684,-0.1733983616159961,99.44783085134213,45.223323836494615,3806.235182140598
4000.4572,4000.4577784207713,0.1383666954102275,0.8616333045897725,43.34659169535147,2625121059.3036394,153.82588790419453,0.13896677995686876,0.44383483956133857,82.01625939217416,-27.615208752484968,-3226.607749977866
4001.6617,4001.6660026557124,0.1101119002598702,0.8898880997401298,322.3420240448361,1710767852.3438268,1682.151526667608,0.11031929258403127,0.21104986333538509,53.4169896960028,-128.13685605473955,6362.025726910402
4006.3108,4006.309989838329,0.17587405403139947,0.8241259459686006,-60.62444252299017,4092998922.163939,-10.170661608770205,0.17592775503153682,0.16549036887095392,127.50362573371059,4.419245385114348,-6748.957713055787
4011.4075,4011.407169005201,0.19864184843278956,0.8013581515672105,-24.736889561495893,5098248897.692786,503.3155337565533,0.20030448308020807,1.0293888797906459,158.41545377738456,-338.0192740033668,-16754.14726436504
4029.6293,4029.6410589545076,0.13741576247362472,0.8625842375263753,874.8313090034421,1944444083.9350219,468.82831907216973,0.13785879277260746,0.32620365540910395,59.873236791615184,-45.18090925615026,6812.763110479863
4031.9607,4031.9593329441577,0.1866154793224506,0.8133845206775494,-101.64608777213992,4332323060.54806,-552.2526917361322,0.18747842988901653,-0.6797690406735885,133.24734139975345,263.7426602070967,-7498.393505491733
4059.7135,4059.7169887117057,0.22930052345894242,0.7706994765410575,257.62642056863154,3738783075.3690686,586.6165594265357,0.22977122542904735,-0.46120610319165073,113.42499120878668,-204.398111428741,-7635.623198195532
4073.7623,4073.7608577570754,0.1559043608383064,0.8440956391616936,-106.13617572903745,3700843562.0981374,-479.35887797719175,0.15667024700093884,0.583292024188584,111.50123297547745,161.9664034329663,-2598.9529252880184
4080.2092,4080.2092640653464,0.18322345148393618,0.8167765485160638,4.707187004832419,4095495750.8353767,84.40005707513005,0.1834323239013893,0.3206180778291267,123.00184020159519,-34.758232855491386,-6099.603986290449
4084.4915,4084.492672030933,0.11689729668731441,0.8831027033126856,86.02442538334297,2538226852.3088236,340.82647548776913,0.11817424815028738,0.6240672168902572,76.07188820338177,-53.74389397940336,-2614.5797910562724
4085.0041,4085.0058292401145,0.14094607834644504,0.859053921653555,126.90639511679153,3090468250.827994,741.0184093901476,0.14176958131449574,0.5537364841413377,92.5995613630646,-173.16049942383555,-3248.458634004915
4087.0939,4087.0956109074955,0.19723309016763982,0.8027669098323602,125.49678966932859,4323756137.238902,401.3538475464839,0.19748284128643978,0.3599018849895907,129.42006122222494,-183.296732298227,-8262.560318796452
4089.2169,4089.2145679326504,0.22200346969819085,0.7779965303018092,-170.97068216641262,5582483566.961114,-151.44688107417804,0.2222422833761707,0.399123332745193,166.92356793487528,115.11842627133278,-17136.77897562532
4100.7379,4100.743327272619,0.03551478540100434,0.9644852145989956,396.7713710178078,843565107.1741624,-7103.201490813232,0.035532963348347435,-0.04279650515720213,25.082073609490244,122.25113218129367,4493.776671898846
4101.2611,4101.254765738991,0.18446754342095786,0.8155324565790422,-463.01945450228885,2988793868.0258746,-1592.2604207400866,0.1851656847885874,-0.5005708099030235,88.84489363459753,343.87854789633025,-9555.824224067826
4104.1136,4104.1279749942705,0.12489710000603228,0.8751028999939677,1050.0476561346904,1501792169.344894,-1128.8946006490432,0.12515376748815002,0.21360894009727335,44.57979333689879,61.42705363847676,1971.9259760237926
4106.4229,4106.421791439043,0.2185515555062358,0.7814484444937642,-80.93131714578493,4286158181.18146,138.947301781463,0.21997144263620672,0.8498565624483125,127.089914402083,-61.48159711080564,-11415.849080960066
4109.0561,4109.056841016883,0.17314790178165826,0.8268520982183417,54.063820815076014,3214036622.9718666,-888.9090351571919,0.17355362469578445,0.39208573353258025,95.1779896864757,220.7403959998351,1424.7055616341727
4120.2065,4120.210385478168,0.12528482956665932,0.8747151704333407,282.7132694537032,2313707183.5108542,-749.844192405654,0.1256979535288063,-0.3362060170732811,68.14588160118363,95.71476692059967,3552.544808481272
4121.8026,4121.803725763183,0.13053391397833325,0.8694660860216668,81.88051310454719,2980483228.4973693,177.7718884267471,0.1310186975835629,0.412588648916278,87.71665699440032,-37.61177501042535,-3396.7451829387464
4122.5155,4122.515593489169,0.15423895596303727,0.8457610440369627,6.798603344359272,4102487669.7610917,517.4422029041991,0.15528621389553074,0.7127191914241182,120.6959436791443,-207.30930529062627,-4981.957752764762
4125.8804,4125.8810409638045,0.1967677550750558,0.8032322449249442,46.57336030185319,4067818693.6875196,18.061152438435407,0.19742050734842512,-0.5584209970230922,119.48081820463018,-7.096885998044808,-6175.906260789568
4126.1827,4126.183189597623,0.1426215022393155,0.8573784977606845,35.5722674896613,2724732895.555734,-1561.004264132273,0.143024400477677,-0.3604631392995064,80.01970179205658,275.14127449308904,-1860.101394197109
4132.8992,4132.90880590565,0.10297484103473094,0.897025158965269,696.7936857176448,1344289959.7798893,-1534.75029698783,0.10310913841435565,0.1451957659725423,39.35059597739726,65.52476467531699,4474.378927684886
4136.9977,4136.999258143807,0.13997553838296972,0.8600244616170303,112.9127439308057,2677279778.947674,634.2980497866461,0.14102323958655444,-0.5708342407825037,78.21550904776038,-107.0961513617356,-5009.827260848495
4139.9273,4139.931730664615,0.062394632906292886,0.9376053670937071,320.84617416183886,2082018844.1103523,-2089.0312896613955,0.06282205966264952,0.3208403711262516,60.73909284726563,212.8550801456069,5261.39716072742
4146.0642,4146.060588788192,0.19432923198251661,0.8056707680174834,-261.11849985550157,3073665575.2338142,-313.756991684999,0.19497476867358066,0.479741574497561,89.4036662475262,69.36637616356245,-11681.533701971744
4147.669,4147.6756395386365,0.04530437185257066,0.9546956281474294,479.9041601076738,857211648.2611178,-5224.449986866766,0.04561550182931995,-0.17743843190410144,24.914288910918724,89.73288838649871,5812.293998591009
4150.2491,4150.258900605664,0.1716908113886177,0.8283091886113823,707.9448946690056,2302554365.193283,2923.6544735377865,0.17244498971722788,0.45296091662824073,66.8389345100455,-361.6342569453965,-2351.938646634997
4154.4987,4154.500190475461,0.11062208800576008,0.8893779119942399,107.55408395346414,1652954931.567874,-1854.1387147551757,0.11065722375884908,-0.0821223711787504,47.88433389290898,117.83035848463707,1093.3568551693206
4154.8055,4154.813414975151,0.1151083899004024,0.8848916100995976,571.109731972938,1699788830.7702127,-597.9609231868739,0.11665934825650366,0.5518928301926469,49.23363766488938,40.175146760718015,2803.0380109553103
4157.7801,4157.78528964981,0.1127156696023631,0.8872843303976369,374.19436219099595,1760478542.2832417,-649.460333030843,0.11274696716288413,-0.0798704327222805,50.918619853817184,46.70648978598696,2472.8935078302056
4158.7924,4158.794074423175,0.14587354327758928,0.8541264567224107,120.70317315342383,2447347704.815093,2408.461560754558,0.14632515723555983,0.3595651412092422,70.75071726758738,-334.4861368997559,-3051.155675418312
4175.6361,4175.636267586021,0.11609632994142301,0.883903670058577,12.031945320215465,2142715621.251644,-2296.676246540975,0.11671463892605892,0.387404863336319,61.445377698024274,241.5517391519632,1047.2090860451985
4176.5659,4176.567712810375,0.13310508666278606,0.8668949133372139,130.12290274395724,2778065038.1981635,199.28802010269152,0.13504271486200384,0.7860921323155227,79.6293846456285,-35.20924652829951,-3042.0382572502517
4182.3826,4182.3801024463,0.1511615915940922,0.8488384084059077,-179.02421520940402,3159259446.4150753,-1347.1251537755209,0.1518273856451093,-0.49253532844701203,90.30427235277584,306.5189527183852,-5549.426122825727
4184.8918,4184.898086826245,0.10201143884465688,0.8979885611553431,450.3684164443785,1723061584.1867874,4152.91341982547,0.10201562431885262,0.02872190613795048,49.19274210785747,-280.57509553155796,-273.7051182406683
4187.039,4187.043719623979,0.06526123198802311,0.9347387680119769,337.9256017433928,746650479.307063,-3798.2408825386256,0.06527668139582658,-0.036312240442115444,21.294740948718548,48.1109591176658,1915.973720225346
4187.7954,4187.802623257174,0.061815932445995724,0.9381840675540043,517.0926026847068,582817371.6473855,-1627.0297214164918,0.0618818058326241,-0.06623183679785018,16.61613772064786,12.550214541842251,1763.9800790008665
4195.3291,4195.330096799338,0.10753044603777984,0.8924695539622202,71.22991227463014,1629820869.0269642,129.45100993551918,0.1076227327243807,0.1307494480311219,46.299638854718566,-7.766691953994728,13.688429247759013
4196.2083,4196.206705941134,0.13840123603310336,0.8615987639668966,-113.88539166751028,3003276062.436279,-582.9826411207832,0.13966787647897685,0.655453788183287,85.28084835161329,118.69291982086929,-1755.4717170481347
4199.9835,4199.983945163242,0.03737793218766623,0.9626220678123337,31.775501635838935,1155221855.4398768,-7135.952123588635,0.03794219697942905,-0.27553658952906585,32.74463399509226,214.38240147500636,1209.2576591721247
4202.753,4202.751819032321,0.24443606734988851,0.7555639326501115,-84.24125883246867,4732172068.569538,300.97475546047144,0.24443652759238974,0.015704321535981294,133.95626889194298,-151.42556155731782,-15415.265811889494
4203.5678,4203.568365541955,0.0861595317609106,0.9138404682390894,40.3336453674155,2932013160.341814,-2439.319746320699,0.08682329066962366,-0.47302971468121713,82.96591162499868,470.8640332471911,-741.4536886313904
4205.5385,4205.544279953429,0.1877329306458265,0.8122670693541735,412.02486811772,2887230580.4428973,1503.170325326914,0.18773310139447466,0.007467002790641792,81.62196638163275,-280.96602218074895,-4880.689855283717
4207.1271,4207.125786933604,0.1419433803960457,0.8580566196039543,-93.56679579587713,3339829295.670478,-665.5858016100099,0.1419434477445153,-0.00504156906723101,94.34595398245013,166.28206112445508,-3085.1503337058343
4208.604,4208.598194012814,0.15037460370921382,0.8496253962907862,-413.5792223935299,3214645553.3026595,-1386.14933215806,0.15039024767348497,-0.07541089873060267,90.74614190699356,320.4889920349418,-2944.6305541108445
4213.6474,4213.643463121668,0.1372536049897093,0.8627463950102907,-280.1009006947153,2438914691.5159054,-3073.5425790696277,0.1381270390526945,-0.49486917379980466,68.6832827074626,407.57580951737515,-1570.3395395773487
4220.3417,4220.338158288156,0.15899849140348207,0.8410015085965179,-251.58590815515004,3389065674.3674216,-737.4159631286044,0.15944308067905297,0.41036749952054996,95.13832215190257,187.92305067268805,-7571.736302796637
4222.2131,4222.218080717042,0.06869184276330619,0.9313081572366938,353.6489914567954,1163088295.3010795,822.1017903736014,0.06896188114252194,-0.18754177026187704,32.621307734728425,-24.64213215478568,1402.7815185672814
4224.1717,4224.173942826045,0.11173219723611927,0.8882678027638807,159.17495328561853,1821051204.6495976,2450.058330905752,0.11191894308124027,0.19587193355744575,51.02800335071902,-179.78135977533165,-2558.7576255563704
4224.5128,4224.506506774801,0.1470464185359833,0.8529535814640167,-446.59858795750756,1992759278.944999,-1708.5891848075087,0.14714382835849218,-0.1477453565567064,55.830674880075776,150.09584991336044,-3233.6883573845785
4229.7516,4229.756286006071,0.08270987200036807,0.9172901279996319,332.1304443166522,1677638549.2506452,345.166571572163,0.08307393385422127,0.2614510236638759,46.88540935977068,-21.410597664534368,-613.6439591411848
4232.7263,4232.729111314131,0.045392770827291665,0.9546072291727083,199.1177113065336,2155285326.2079277,418.798865090609,0.04539877329205827,-0.03799831843895286,60.14974994180981,-42.78612113348457,4070.87697164331
4233.6028,4233.608837203748,0.06387432750430018,0.9361256724956998,427.5101460353408,870802267.9423685,-3459.2838530434196,0.06398222365250517,-0.10266829306315756,24.292269898508703,57.65572224746817,2305.756703545789
4238.0238,4238.022558711771,0.151413734042043,0.848586265957957,-87.80716361289484,3126244360.8415046,-1343.0654355375173,0.152099586956756,-0.4908092991436701,87.02948177551751,287.60903456553694,-3017.4978670497317
4238.81,4238.809188354487,0.10833175583600735,0.8916682441639927,-57.40413078002783,1961801812.7440674,-753.9255316963606,0.10852808454175027,0.20682394280284513,54.59305547733373,63.5413465638373,-635.9687005304934
4258.3158,4258.32036517785,0.030914906949372836,0.9690850930506272,321.3960526072056,978277371.461327,-5674.52109257644,0.03094535481541687,0.05719121898452386,26.974620866520784,117.29717091202774,5666.211412892573
4258.9517,4258.95181777749,0.2629901098136787,0.7370098901863213,8.290491599992691,4891000929.866693,1063.1784732056824,0.2630489397556202,0.17835244633533764,134.82247518186986,-549.0890540235753,-19412.04844281467
4264.2034,4264.2103176980445,0.2010047651030793,0.7989952348969207,486.3449291282115,3049958537.5438137,2097.4348151102777,0.20116273692834763,0.23098203624378683,83.86614998020802,-419.67180694562285,-2869.2472544244506
4266.9645,4266.962427787692,0.16309922474584276,0.8369007752541573,-145.59146703694435,4167562876.914704,-745.378381529267,0.1639145966038243,0.6088560201014421,114.44966549279896,277.9290605626419,-5884.638878533794
4267.8265,4267.822376986422,0.14277890175293154,0.8572210982470685,-289.6201087497896,2232105769.5539236,-3049.523342171675,0.14279895942067247,-0.07022028556634255,61.27341727659535,325.9806301219501,-1861.8706729805474
4282.4029,4282.407602696422,0.06964787686790619,0.9303521231320938,329.21538503751935,785463121.7781212,-172.34818297841224,0.06969347766555674,-0.06251419353440749,21.41508491881431,2.258102257831163,3205.1005566371714
4285.442,4285.446985155214,0.13714980091198434,0.8628501990880156,348.74160824015394,1477139891.6935713,41.48523451868385,0.13746315348221794,-0.2244606077467451,40.21604678871871,-1.9182169494103876,-1834.00848964228
4288.1458,4288.155696584494,0.13140656574601112,0.8685934342539889,691.8891123399416,2896482032.9384303,-229.50438702164433,0.1320160056272722,-0.4385341378779727,78.75891999258974,40.725866572601944,2182.7568478177955
4291.4637,4291.469185819544,0.027809291002765867,0.9721907089972341,383.2275978709689,737358555.8765786,-4724.020878723104,0.02788362735886685,-0.07739196809791761,20.018739640427214,54.20015919665245,5608.100052630477
4294.1248,4294.138725445698,0.03968058727585336,0.9603194127241467,972.1989436758613,201270657.29575506,-82433.78896618632,0.03976668280091187,0.04224785322235659,5.457557601410538,70.33755725149948,920.5763774667699
4298.0364,4298.032566537589,0.1472474314619374,0.8527525685380626,-267.38794457346955,2104106683.759614,-2223.866809600537,0.14756496288006316,-0.2700651541399178,56.95060690055779,206.81616507615607,-2245.9837855293135
4304.5408,4304.55044143722,0.18084190301894076,0.8191580969810592,671.483974056891,2184897647.5934486,2959.8086743924305,0.18119080088441533,0.28853219046793055,58.958374146379946,-295.4552628045126,-3126.924495862433
4326.7533,4326.753953898903,0.20177001623671437,0.7982299837632856,45.30740390233301,3883389408.737999,313.34519827455216,0.20241977944432799,-0.5184561278753379,103.71857652654303,-97.29883298401074,-8491.881266231192
4327.0956,4327.103682181023,0.1794804809970929,0.8205195190029071,559.954560514195,2566075275.0317945,-7.516117895268778,0.18001134794222473,-0.3814305692073561,68.52432929998234,1.0188019436537474,-1576.8905634826408
4327.9034,4327.911181986429,0.23713974124087384,0.7628602587591262,539.0556636973752,3399151048.1982055,1085.4328721199713,0.23775851376699797,0.4755381113633826,90.73686895245402,-258.0228573487383,-6269.373556950099
4337.0463,4337.052937029522,0.04761092275551505,0.952389077244485,458.77568660692754,657725316.5191119,-7656.774491408997,0.04764563460573302,0.04914119893649881,17.483368718913614,67.71737360299872,2292.363555454011
4343.6975,4343.698222242161,0.21509280654537344,0.7849071934546266,49.84756712294094,3647422515.9482584,969.4044223774092,0.21578762281761651,0.5200218146274019,96.65777392030874,-262.4505651025935,-8145.25870443549
4346.5526,4346.556056416918,0.20455670100147147,0.7954432989985285,238.39760360412006,3057293878.6110644,1547.5415268971635,0.2060812671822062,0.7075312130295776,80.91268651340538,-293.7853475707725,-4639.863135364773
4348.9366,4348.938459534019,0.25477400530388805,0.745225994696112,128.18634197924916,5046585569.297843,391.96682664005783,0.2561736452423692,-0.8617148742144773,133.41391282513268,-202.41566091588018,-11565.235363311333
4351.5439,4351.544884071241,0.18803881717859305,0.811961182821407,67.79596919055365,4312613332.991871,200.4940780568274,0.18846698905338077,-0.4412785581710529,113.87374161290369,-75.4747166289505,-8117.215571253275
4358.4991,4358.502840642343,0.17155715562942847,0.8284428443705716,257.29415944494235,3128732807.7782416,686.6006440215384,0.17188267637470972,-0.3268948145350106,82.35003987357258,-135.38746611272367,-2891.860231627599
4373.5607,4373.561497633595,0.2110264896755877,0.7889735103244123,54.675023926701115,4032784098.0188794,179.8583376864382,0.21232307780836213,-0.7382777211328889,105.41550680106788,-58.31551396190732,-9428.367605560621
4375.9301,4375.944512859359,0.024971800982424797,0.9750281990175752,987.4167172183768,185568370.9231299,-10107.324699295548,0.02519361237396766,-0.06632364815931596,4.845407938639375,6.927523535959954,1512.9323986035806
4387.8912,4387.892270900218,0.20225262839844418,0.7977473716015558,73.16676599911767,4665664561.86565,232.18944214983023,0.20364375967202483,-0.8197198752992231,121.16344231004149,-99.78170578812068,-6070.078680190123
4388.4068,4388.406045293884,0.18332547818349815,0.8166745218165019,-51.557481306698776,4214559475.5254354,312.2244115268412,0.18485250779339096,0.8187745402597361,109.42299106026435,-109.44605628431115,-5524.69432337262
4401.2899,4401.2904035730135,0.19919570553723132,0.8008042944627687,34.30071524266384,3954922758.6218104,602.7647741103184,0.1992082011204394,-0.07140725261267207,102.08171565893133,-184.43065244486004,-9766.870249319949
4422.5681,4422.568351705789,0.12058682756216624,0.8794131724378338,17.06237083457581,2288152342.02441,-2114.353262876937,0.12074451915337443,0.19150440467550325,58.493260824518764,213.4386484026436,238.7126558496377
4430.1891,4430.188550430474,0.22977046390607753,0.7702295360939224,-37.189563536214216,4088497441.3649077,324.5733621468214,0.2304899219212065,0.5480321858685826,104.15720418714754,-104.06938910220055,-9772.881074904499
4430.614,4430.616186739368,0.09007441066849087,0.9099255893315091,147.96323266470213,1515174246.8220325,-1684.87147972152,0.09018259467047426,0.12902804436867343,38.59262547164181,74.17351343764369,1381.016316663234
4432.5678,4432.570364987409,0.30365384289469244,0.6963461571053076,173.4804553413742,5335845078.891191,379.0174918748678,0.3041035621512473,0.4948462563497994,135.78817111930775,-206.65602077936998,-11577.374002886068
4433.2187,4433.229141042899,0.16318464671028413,0.8368153532897159,706.0662075214934,2663088388.0802536,366.3992237829184,0.16412452552736576,0.5054571981589455,67.75092463021133,-49.74099520171697,1569.667123245982
4436.9206,4436.936011591178,0.21011031459230844,0.7898896854076916,1041.3255537504297,2792667077.6583066,641.4765385801995,0.21134333556687485,0.5933032340590615,70.9288369521448,-95.52541046797269,2670.967493964993
4442.339,4442.345170487583,0.06848704403826261,0.9315129559617374,416.41703609002604,673872290.1964318,2665.6972956919335,0.06863956116498322,-0.10187643094502474,17.073517432186804,-23.029177596280253,892.8378041358071
4442.8316,4442.830043780484,0.1613137229962625,0.8386862770037375,-105.0102538443135,4296236421.484807,11.20136637621224,0.16201434138756296,-0.5521687923564186,108.82753111708072,-3.9320365741526953,-3763.252029331258
4445.4715,4445.47284604193,0.07302217059398311,0.9269778294060169,90.77399751626494,3543417485.128015,120.60975777716202,0.0747354245408514,0.7844574763014754,89.65126141703396,-28.748984517144862,1009.2755259582945
4446.8321,4446.8455569303,0.23933713271760512,0.7606628672823949,907.2270148823258,2994545878.8716545,1861.4039531272642,0.24019698586423052,-0.506662644956977,75.71760753742487,-316.58893868660783,-191.4739010004659
4447.1304,4447.129400538421,0.15700823647162004,0.8429917635283799,-67.37626662509912,4210694355.3093576,12.43616924891952,0.15744337773678913,-0.43041895041310396,106.45454042247539,-4.18123004024559,-2229.2036462077713
4447.7173,4447.72681001304,0.07675548969940317,0.9232445103005968,641.0097568326249,750267983.6365651,2804.9943108421144,0.07680816054776653,-0.06313024517584905,18.96313821436188,-29.9295234837024,1255.6085809366637
4450.3156,4450.313720544529,0.25682234043957913,0.7431776595604209,-126.60822870270239,4703389687.880055,496.706117438187,0.25695720103900876,0.2533085971124367,118.74072944009323,-207.9212386964421,-12958.382849553738
4454.381,4454.382448146704,0.13810446556125927,0.8618955344387407,97.46437489874779,3262286174.495453,123.16552414298654,0.1381253022824047,0.08278200088035362,82.2085627051711,-24.735464199225866,-271.0519125565943
4455.0273,4455.012709479425,0.207017935110661,0.792982064889339,-981.8409028689298,3314037102.8985667,-710.9716122687765,0.20745132483636985,0.37963014825248304,83.48904165811682,147.28870798165119,-3365.693244848488
4456.3257,4456.332583260169,0.24767961770406582,0.7523203822959341,463.0607419232474,3932309624.891695,1326.8414464352709,0.2500566006849148,-0.9597261349745474,99.0062291101356,-386.6615224788851,-8246.767786418852
4458.0802,4458.0789214169035,0.29173681793582457,0.7082631820641754,-85.98085995499768,5126911676.80268,709.9633661965498,0.29294207309330106,0.7914409193631029,128.98236476163655,-351.2801869359943,-13409.832942701196
4461.6528,4461.662020308429,0.029251867799444862,0.9707481322005551,619.5414684936356,387635417.68994904,-33459.118597270965,0.02938163782417436,0.06989764202848289,9.736438350767349,94.41058620491755,2078.8824289322765
4466.5518,4466.574224770871,0.03362354031462637,0.9663764596853737,1505.1380753129108,703154561.8957555,-8635.965963067789,0.033625660020326624,-0.012233454640764807,17.622669328590277,79.91681266886837,3144.294487236139
4469.3756,4469.374752969003,0.15464356914398023,0.8453564308560197,-56.81632682357245,3464716877.0540023,211.7067750545204,0.15609154913077508,0.7092396333779802,86.7249809559511,-47.47656034358497,-4204.805716799729
4480.1366,4480.135678509595,0.2226248900644368,0.7773751099355632,-61.662377323243575,4545418471.863782,396.7748459888197,0.2236918890707737,0.696256635096062,113.23000948921172,-152.04343701301104,-11979.500509408002
4481.6093,4481.604288728852,0.31219890186218124,0.6878010981378188,-335.22362047904994,5609783822.891232,99.58045008251403,0.31237519654281315,0.3138697395611364,139.65262902050043,-58.065091730636105,-13310.94180416398
4484.2198,4484.219477961441,0.17525242088948037,0.8247475791105197,-21.529883774962556,4548204368.202991,-35.60537138404469,0.17540922270919992,-0.2663444636370823,113.0931377715571,13.623358368207843,-4055.8146552722824
4485.6756,4485.674786142594,0.24390232659067607,0.7560976734093239,-54.392767978686926,5280128713.567523,48.45107714273519,0.24398469998864422,0.20793462709728064,131.20758627372172,-24.9607945371158,-8537.667276435623
4489.7391,4489.744097877816,0.03623689158360227,0.9637631084163978,333.7223036569641,869318343.8063215,-7557.653518386185,0.03664868401551761,0.18678245508077482,21.562825674837775,105.25172016522231,4254.168402289652
4490.084,4490.080306481168,0.19017968228782473,0.8098203177121752,-246.60765572799394,3968890074.689917,-129.93121254117978,0.1915340174383388,-0.7306342256251633,98.43076438845998,37.70844366141202,-2200.5128200292656
4494.5632,4494.569242727546,0.07553479097772406,0.9244652090222759,403.05677406604605,509291259.4995049,-11405.256432660792,0.0756740693661506,-0.08445231773101794,12.605499983731233,54.34036796097062,1673.191878453128
4502.5909,4502.586773580054,0.49992607477511114,0.5000739252248889,-274.7461641317666,5465409439.763323,-156.30890732813324,0.5005394720946815,-0.5753149280939899,134.79336783316316,85.30847135840334,-16727.749374683775
4514.1839,4514.183093510639,0.25897494785738884,0.7410250521426112,-53.559941999384264,5470373977.829324,316.83879215354244,0.2593400918564484,0.4431846081459764,134.2235379544464,-171.9032849309023,-11265.454872078488
4517.5245,4517.52932425508,0.22551942520438015,0.7744805747956198,320.14774645479054,3285568401.9150796,2238.3609734514666,0.22678173343151029,0.6440647091016999,80.49678900176556,-437.11681358983253,-3088.8118145225785
4547.0169,4547.012529175186,0.1290123889484743,0.8709876110515257,-288.1758179711254,3541846253.9920464,-1466.8387564623558,0.12986835025885707,0.5380845035054264,85.65395239989618,326.44696510176715,-4667.97555159009
4547.8474,4547.842461439825,0.1947609476200333,0.8052390523799667,-325.54810301590044,3718712477.4490004,-645.5718615926471,0.1963680291889083,-0.7628626525554099,89.89836245960448,158.29341893839197,-1906.226864673548
4556.1259,4556.128132665816,0.16438680254014165,0.8356131974598584,146.90910384458476,2801314528.855626,-299.15065353318323,0.16577079835100275,-0.6121620466858795,67.47455351029632,41.39760505028267,1496.3980080141898
4560.0881,4560.082445668194,0.352501946542292,0.647498053457708,-371.73098266854464,5117681231.026644,-430.6708721065463,0.3525560365638086,-0.16325188050799458,123.05459801918067,198.39155403724973,-14363.600803757605
4574.7179,4574.718433744167,0.19851413423585637,0.8014858657641436,34.97756130545584,4945914781.967679,434.49403971487305,0.19901264685058445,-0.48455888638274075,118.16473770473218,-185.1540754107571,-8125.61547488042
4587.1276,4587.124482735087,0.33213271887677953,0.6678672811232205,-203.72934694777555,5423303881.841959,-523.2513351892924,0.3346256602064979,-1.137544722222028,128.87031564732075,265.9291518129123,-13946.992261857416
4598.1171,4598.118743180924,0.20254598139939875,0.7974540186006013,107.1336891386299,4552514617.931629,519.0606684898322,0.20261486340831927,0.17234701363240365,107.6616393437961,-184.55659702797195,-5346.087402197711
4599.8425,4599.8335472856725,0.390032749321343,0.609967250678657,-583.488724656719,5159272811.440334,-673.3054067162824,0.39111060680235776,-0.7273536443263294,121.91980652472957,307.1227872901764,-13887.711390416705
4602.001,4602.001500386874,0.11938699571019845,0.8806130042898015,32.597170407417565,3603531174.0641384,31.64774814573173,0.1207174835184764,-0.672846904416292,85.07555206595691,-7.0324785210196294,1237.8259692135252
4602.941,4602.946221339456,0.058610181514947984,0.941389818485052,340.0691405168919,1075148382.2930205,-4678.03604356463,0.058741815509031806,0.11513654152280801,25.37269555749947,92.47875495103077,3014.0490789065975
4618.7577,4618.76751366229,0.2324485299196337,0.7675514700803663,636.9812254759148,3604683527.835754,824.1822679623396,0.23261909379548543,0.2404462043495193,84.48603742697047,-181.27108922601323,-1470.0577011749924
4619.288,4619.288280303314,0.2188086425264941,0.7811913574735059,18.191725596977353,4737629838.61404,484.26714629856673,0.22048742595285795,0.865817730370688,111.01482959401251,-183.92101674258754,-6182.697026011028
4625.0453,4625.04483400217,0.17515209961325892,0.824847900386741,-30.205679220881958,4570718539.639419,17.578389929326807,0.17531674866390046,0.2652603177778486,106.83722250553686,-6.190839024898488,-4546.303450233736
4630.1203,4630.122155677391,0.15958350222372952,0.8404164977762705,120.15197237012201,3544040906.57714,728.2417156215514,0.15972058143754378,0.21314116120006008,82.65779812987074,-153.68976943347343,-2033.2290067253216
4635.8462,4635.844502968831,0.2723351581131046,0.7276648418868954,-109.74418121407074,5823249882.405727,64.78124895610247,0.2723944252005769,-0.1791963544669702,135.4807868687859,-36.77417093975668,-10661.264691398177
4637.5034,4637.503103361883,0.1856531656893074,0.8143468343106925,-19.1762382300662,4701464562.406063,34.12805748237796,0.18621508038641227,-0.4955360768442432,109.30367015827916,-12.614631405487353,-4931.934186341003
4643.4634,4643.462622545445,0.25872823685420177,0.7412717631457982,-50.1942175204176,5204681159.065558,296.61981210589397,0.25928753773785873,0.5201589597212859,120.69248403631781,-133.84799004717144,-8898.874242506383
4647.4342,4647.435427025208,0.15826139722598612,0.8417386027740139,79.15182601120436,3577942242.540286,497.5744449637776,0.15910001145504013,0.5280790170681423,82.82789064578105,-105.83612416133023,-3013.3057912946624
4661.9703,4661.970508311647,0.318654350616959,0.681345649383041,13.395679647075612,4990771783.625396,713.8843377520981,0.3200226157660272,0.7957428008890907,114.81501098461109,-292.6873899591989,-10583.560053193842
4669.1711,4669.17088292995,0.24639166870674184,0.7536083312932582,-13.937369706385386,3995704142.226682,1166.5978229883688,0.24665164556346558,0.30953531721932703,91.63972790478189,-305.1671663326331,-5844.161166473236
4678.8458,4678.846122108078,0.19114688252217676,0.8088531174778233,20.638759328469366,4235033956.939678,267.8572669013784,0.1920995214606867,0.6077779463411931,96.72736932971351,-78.22584107492006,-3341.444573185015
4680.2948,4680.294138620043,0.18677772706674917,0.8132222729332508,-42.36415256445751,5111236511.586359,36.4859290708786,0.18680814383334132,-0.11913595680960384,116.6674448546212,-15.506265753304266,-7760.064006660861
4683.5597,4683.558365416612,0.2854518997532375,0.7145481002467625,-85.42605621127244,5681327709.074139,84.76527345150971,0.2855316977550099,0.20333311443819016,129.49946429491874,-44.415968917240605,-9997.151780366627
4704.9481,4704.946448004113,0.31604214837442907,0.6839578516255709,-105.2627780002414,5407185711.868524,26.676976443017708,0.3166349700313256,-0.5379872407690934,122.13268951956265,-12.490057119833066,-10071.275068913314
4707.2745,4707.275399321035,0.14615115054707725,0.8538488494529227,57.27510974562721,3788889188.0508633,-41.02188658664401,0.14721763039268063,-0.6039927061940222,85.49538911408784,9.416291972681272,-960.5564256549893
4707.4877,4707.48401180013,0.24554227324666525,0.7544577267533348,-234.87995612854,4772131018.580664,-25.001177756735835,0.24635526654933154,0.5915037202277756,107.67246499422663,9.102651705858102,-7723.650415267118
4721.0006,4720.991993373868,0.33254553408685456,0.6674544659131454,-546.5370208138454,4721452474.907647,-291.04524368586647,0.3332439931390011,-0.5445323778785899,105.92027486501293,102.83980895350359,-7902.161575964993
4728.5457,4728.54235625633,0.2438419449279302,0.7561580550720698,-211.9952300817989,4518862301.379225,-110.00704736360362,0.24575842492341643,0.8788189652999077,101.05191424155754,35.436120857240915,-7847.62229549595
4729.0192,4729.015624202779,0.4892710729342716,0.5107289270657285,-226.68485638146265,5052170713.539328,254.1892051671634,0.4892875426100061,0.08627748588731284,112.95527664646102,-102.31756401544611,-12058.736532849578
4733.5917,4733.593157761112,0.0890963343437655,0.9109036656562345,92.32435211906143,2432399358.794146,-837.8202969995071,0.08924930515949878,-0.1824704099477412,54.27789887675733,77.94659597109388,2210.804967699509
4735.8439,4735.840797125293,0.36197787761172334,0.6380221223882767,-196.4208396545069,5517076181.888277,-12.810396737454186,0.3622571909353653,-0.37067259886502085,122.99424652991809,6.122637679686622,-10977.912253659331
4736.7734,4736.776176492242,0.11740956866752954,0.8825904313324705,175.7254070267255,2846721973.6421123,125.59153501367418,0.11820948284495716,0.4507409811370118,63.43797776660364,-15.971701533220925,157.34551970233687
4737.6354,4737.629374680601,0.3227871899649816,0.6772128100350183,-381.27571251875827,3373269908.052544,1229.9957933034152,0.32309232208460315,0.30368342838038914,75.14479964409371,-219.51887247512835,-6196.830713639206
4740.3401,4740.324070355367,0.32744237121001796,0.672557628789982,-1013.7598703869653,3443615258.297818,-1080.7230467297652,0.32873424639344534,0.6253327239919285,76.62466021377723,200.6637214049194,-6947.099582546936
4741.5297,4741.528828121127,0.21875085584480597,0.7812491441551941,-55.126241315924275,4809614023.243564,195.2654837281339,0.2187545039287273,0.03951029276590375,106.9654293542391,-70.67080645072178,-5321.570927586328
4745.8001,4745.794901107425,0.25719488890043307,0.7428051110995669,-328.414335024286,4312755421.905875,-786.6482635561458,0.257244446690084,0.1376440434712456,95.74297175652022,228.30354402439417,-7328.657064549719
4757.578,4757.572888523488,0.31578630864014523,0.6842136913598548,-322.0929026915255,4796083013.5057955,-858.1321591348456,0.317520298987962,-0.8615935308102965,105.94630007477724,305.71764842950415,-9049.141305251964
4786.807,4786.808149883993,0.1971288088248378,0.8028711911751623,72.0159698739493,4343944761.225657,548.4312877607541,0.19883491623946128,0.8067281463147231,94.78994140264534,-157.36279011898867,-5038.091359184463
4787.8269,4787.823783126342,0.38286865314545765,0.6171313468545423,-195.1647865821975,5644924556.576917,126.15469330352066,0.382869080761004,0.014512389424353817,123.12658407200176,-61.087805563100744,-12938.547113531487
4788.7569,4788.753843736767,0.2712462551700372,0.7287537448299628,-191.33246607833706,4765847630.386145,-708.7924367610399,0.2720931031909284,-0.5950969058845587,103.91186283353312,244.50128281708314,-7449.972487660617
4789.6508,4789.650451537945,0.23263746090861362,0.7673625390913864,-21.810837686952812,4514906968.498759,102.49990355359711,0.23393368947816814,-0.7135945110952884,98.40364163198726,-31.714576079180173,-5830.095571689347
4791.2462,4791.241033927592,0.4247991996824213,0.5752008003175787,-323.24566106749586,4775754508.335131,44.21322696545468,0.42588965677228585,0.6733526197903908,104.01978686412038,-15.291195649201628,-11546.585929804738
4798.2649,4798.260770692838,0.5021658413913,0.49783415860869995,-257.9964152994685,5197120582.079634,178.59886989034084,0.5022590031858136,-0.2050144613155349,112.86651201321683,-72.8286155147907,-12302.07425881207
4799.4061,4799.405977492033,0.446610596045172,0.5533894039548279,-7.65239776100448,5287475310.434498,-105.45408150999684,0.44714759754711425,-0.496617219211531,114.77396382678269,44.47817257220771,-11259.758264206215
4800.649,4800.6438164333495,0.3695058868885894,0.6304941131114106,-323.7050214409873,3898756381.7735925,-1133.4684592606168,0.3699363200243141,-0.38283143678066833,84.58573619925863,259.72424006515337,-9009.756685509476
4802.8797,4802.87818964949,0.3404519084474119,0.6595480915525881,-94.27504334519023,5541042508.6802025,223.447783117161,0.34083441506320106,0.42894963781214956,120.10424065491718,-103.27699638697722,-9584.176932309516
4807.7088,4807.705744078157,0.36018977026505206,0.6398102297349479,-190.55694903602114,5525920752.450785,151.00890561627867,0.3606211762155586,0.4543471009599678,119.536049564968,-69.20660260681026,-11207.37200528392
4832.7276,4832.713584072666,0.3443089011043852,0.6556910988956148,-869.4612348241479,4335426464.572045,268.46545980148267,0.34591951764548307,0.7741649549274735,92.81533033980969,-74.5638282369696,-5619.655271798425
4838.5118,4838.5115474850745,0.3291397746310653,0.6708602253689346,-15.645734347260953,4614427335.505814,1449.9875225511198,0.3311453775481872,0.8973980570144999,98.55172992164503,-454.58368384391616,-9649.748435197065
4839.5445,4839.5433572137135,0.29600995048010253,0.7039900495198974,-70.7915196935417,4857191590.608303,364.20064237199693,0.2965627716452544,0.47943195296152774,103.69229069648888,-126.42918042744719,-7028.485561516949
4843.1438,4843.146792239508,0.24880696792369902,0.751193032076301,185.22077271187942,4695873290.606351,173.75819744872598,0.24935771069714766,0.46982840818274824,100.09931587434112,-56.25283910512297,-5588.682653746467
4844.0138,4844.010259180782,0.36166493753473883,0.6383350624652612,-219.13870201730975,3908862313.4748545,506.21370728932675,0.36203374896030466,-0.349991804004322,83.29333837212268,-113.49292407767558,-4678.919024184488
4845.6482,4845.645884775062,0.4287656830529362,0.5712343169470637,-143.2392419487462,5263729110.091703,261.9305825643227,0.42887929301992217,0.22579054596758785,112.08827586969839,-106.38185345478277,-10111.111392914312
4855.6732,4855.670568608322,0.27412791109090356,0.7258720889090964,-162.46385342725878,5234310038.176752,133.26044679449348,0.2749045490365422,0.5874381420808935,111.00205486369529,-53.18899803806794,-8608.019496284809
4859.7414,4859.7435908282405,0.13114507272607795,0.8688549272739221,135.1499450784277,2012478468.4956536,-122.16192869934191,0.13137491599069917,-0.19797578153539094,42.60637009862107,7.189647537887231,1597.7577092997174
4863.6437,4863.6450299604385,0.268636908472787,0.731363091527213,81.97806698016177,4964036037.243766,609.5983150983994,0.2692981180214132,-0.5252646855039287,104.92553410226404,-217.75959421353951,-9260.523493869032
4871.3182,4871.322690717066,0.11136555110096427,0.8886344488990358,276.36936288953746,1262996005.7184072,-1377.5938860323142,0.11136614053135517,-0.007921803604530651,26.612040914968365,31.70543848370123,1264.872776260482
4872.1378,4872.141176248534,0.1191160326810231,0.8808839673189769,207.74737666885056,1561920227.7476683,-740.1988340821055,0.1194391845933237,-0.20651023632413368,32.89948696401838,26.04088889631199,1193.510478859644
4875.8776,4875.873808642266,0.302813981034289,0.697186018965711,-233.11094890320896,5345493527.927467,-92.70408859814297,0.3029437714647429,-0.24162337684363203,112.42241179405984,38.1124119870281,-8032.578999433059
4882.1434,4882.142987684124,0.2629692388685046,0.7370307611314955,-25.318631555206924,5076187046.094248,-42.929546449448296,0.26447879068310937,-0.8017389282122814,106.48455765816828,15.854383170643606,-6432.778572754288
4885.4306,4885.42822777925,0.305421874932647,0.6945781250673531,-145.5703596497128,5426898442.422092,227.20222509878053,0.3056189701864158,0.2995292995438038,113.68847053151595,-95.71000925912504,-8287.996012474234
4886.3318,4886.326141513015,0.3122227147614463,0.6877772852385537,-347.16670732346785,4758421575.793759,1.65927666164392,0.31324633808908836,0.6385056496388846,99.6478696712246,-0.5370894052307231,-7717.849655066122
4887.1939,4887.186804403717,0.3681116681723876,0.6318883318276124,-435.2612755167912,4760402526.6650915,-191.60275644121074,0.36813766520892177,-0.10181301229705748,99.65424480384749,62.03854298512914,-9773.838080454396
4890.7551,4890.758882816662,0.11155730467258203,0.8884426953274179,231.8782850314828,1098861922.3048258,-1214.902364391596,0.11155769243307784,-0.00596922589135328,22.96998037081867,20.914532944312917,1506.8614830491827
4891.4924,4891.497168349331,0.10422777279118159,0.8957722272088184,292.24519833989854,901697221.9604723,-1957.2019078772828,0.10457972966885591,0.16251433694739237,18.842873090250638,22.676758542563714,823.8403502539873
4892.8589,4892.853905798827,0.4442434251740986,0.5557565748259015,-306.00184390252525,5343707508.044417,198.15097508526352,0.4445903484863543,0.39373109371908477,111.60616521175332,-80.5645762383518,-11126.10709437543
4907.7318,4907.730257800425,0.3131280348535852,0.6868719651464148,-94.2064114625081,5676977608.428559,161.53463805654783,0.3131595484892975,0.12190109100498785,117.8489767929868,-73.45261684511235,-9195.60976942107
4909.3835,4909.381030751367,0.36269315364508126,0.6373068463549187,-150.7851478989483,5553526021.871304,141.9045393552847,0.36269497768909104,-0.02899181495046088,115.20871563502267,-61.688326868537615,-9521.259595419715
4910.0169,4910.015950064129,0.22829350783880795,0.771706492161192,-58.00053549503896,5112498964.524143,122.59909344934638,0.22831263733867893,0.09008191467841514,106.03211677668104,-45.14964267877539,-5892.83023237276
4910.3258,4910.324283382356,0.3292974220100872,0.6707025779899127,-92.59477878499594,5281236723.875289,98.666303817336,0.32951654365465594,-0.3097225951906249,109.5179460261946,-38.766706531992476,-8451.06848749247
4910.5648,4910.563077130433,0.34624276979582264,0.6537572302041774,-105.18205610249518,5178272512.201912,325.2164991450412,0.3469558223900414,0.5540650946197326,107.37231535072931,-122.82811690490155,-8560.02801956865
4911.7794,4911.770867914428,0.449866542096406,0.550133457903594,-520.7593210735315,4954276553.228207,433.0522010301028,0.45218347454778784,0.9778934192348064,102.67720831931392,-149.6014305011853,-9019.342118500033
4917.23,4917.22688816038,0.3930973818867011,0.6069026181132988,-189.7218654239742,5267903003.062745,294.9278327902889,0.3931718314104259,0.18018601079568955,108.93496008776754,-114.81003709054504,-9215.21845004453
4918.0125,4918.007827549567,0.45294363672900884,0.5470563632709912,-284.82347291980756,5348938269.422585,-201.41220346306784,0.4541401628164156,-0.727991499649194,110.5755629119254,80.79837137205344,-10165.440028524186
4924.7695,4924.770535847011,0.1416835506750311,0.8583164493249689,63.05657990438432,3167858781.5974216,-186.58674251408755,0.142994270395976,0.5845907002028525,65.30761409199218,26.145906929786214,-365.9046485287294
4927.4182,4927.421896043036,0.39250936847242535,0.6074906315275747,224.87351016383468,4289455975.222763,357.50471754512324,0.39405184005681004,-0.7361163056070362,88.3349812170147,-91.70146224772664,-7118.0223999006175
4930.3154,4930.302888889173,0.3381190282330615,0.6618809717669385,-760.7498431487367,4239718045.872857,-784.8942011908346,0.33862911157552006,0.42056994565626216,87.20869320712403,196.34216315471357,-6843.440705103912
4938.8138,4938.8152124152575,0.15203806247868096,0.847961937521319,85.73545368286908,2743782857.734831,-54.520474079868286,0.15245997942895884,-0.3081612146510905,56.243739543921954,5.682508189872123,1290.7997806752321
4939.2391,4939.234295112104,0.3041131903807585,0.6958868096192414,-291.63786640891806,4943629942.947414,-31.448680129039225,0.3041156608152448,-0.03164231304432854,101.32035507882107,10.638116690675469,-6795.449319047469
4939.6867,4939.689989721159,0.061781543403762344,0.9382184565962377,199.65508992006667,1416725602.496494,-2723.1023206990685,0.061828986149292435,0.07410541951238259,29.030623203099914,75.62853100667407,2676.387688448283
4945.6374,4945.635328895767,0.4962880482525342,0.5037119517474657,-125.54527928869238,4566698376.970581,7.922869988905663,0.49665922357191206,-0.37221011567721485,93.35297274981798,-2.2780865331464217,-9166.880819724503
4946.3881,4946.389320496944,0.19177573305941878,0.8082242669405812,73.97231500325282,4248501846.433132,458.43642531292755,0.1924791773006885,0.49510706145989847,86.82188767760722,-114.0342088980486,-3416.0614642843893
4950.106,4950.104962932098,0.26260917479773355,0.7373908252022665,-62.80777329656379,5116549598.600104,260.68762918273245,0.2627109026951111,0.20619987151843241,104.40429785514397,-93.83846110565851,-6566.629860275187
4962.5719,4962.569708285143,0.43469441507768436,0.5653055849223156,-132.40303565254,5418706977.086095,-44.798529689128365,0.43511978570525883,-0.43264723824362616,110.0151335933518,17.95083001519447,-9917.272058531305
4966.0889,4966.0877896325665,0.15480947022792235,0.8451905297720776,-67.03057251099231,3342238907.4328275,-588.272033221258,0.1550776220709668,-0.2699417402163175,67.76082884042414,89.48686771300248,-661.3248450156203
4967.8974,4967.894874314022,0.3232002056192674,0.6767997943807327,-152.41490444268766,4696115985.7752695,-447.5821139613263,0.3241016545012264,-0.5867814936491142,95.14019225898262,134.27107391292657,-6767.5393901753405
4969.9176,4969.913958160367,0.3401736943234216,0.6598263056765784,-219.6809168877607,5103295868.087667,322.504704684917,0.34042870038240935,0.3248623514353902,103.30539720528621,-114.114344802123,-8414.35962309848
4970.4958,4970.490622109795,0.3571482507732752,0.6428517492267247,-312.3013264809427,4677635303.888093,-453.88036341713035,0.3575402500021019,-0.3857478287228552,94.6668323617779,134.87940341338557,-10128.258028469549
4982.4999,4982.499903856208,0.20566161776425307,0.7943383822357469,0.2320245308248798,3831046285.8221245,236.52139135031103,0.20574766878890213,0.16301819944023505,77.1601041915068,-46.80719624706112,-2339.6823392268084
4983.2507,4983.249183466006,0.2451163893637229,0.7548836106362771,-91.23471424273487,4066500958.8575935,254.1185387272466,0.24553595538412024,0.3709298096362242,81.87770759827028,-56.63561176255194,-4480.460337351211
4983.8529,4983.852067863713,0.2147411608317986,0.7852588391682014,-50.05528609156898,3930663337.3571405,-35.8574232844787,0.21527712353018602,0.41175054205941247,79.12351392410596,7.4638799623306324,-3359.572877193483
4985.2529,4985.2523630129635,0.24981223125096197,0.750187768749038,-32.29217592881345,4812350187.75427,-27.327160130100523,0.2502589742054795,-0.41594247542261364,96.81729198303479,8.519160582696239,-4163.287164918999
4985.5473,4985.548091812127,0.16872299268446556,0.8312770073155344,47.61348942575678,3512911123.287365,-122.04410350645865,0.17021666873898128,0.6492782158771343,70.6661363047673,20.270371012841608,-707.691310320338
4986.2226,4986.22070067677,0.4727235580514332,0.5272764419485668,-114.19521855665026,5054854677.500267,401.88439259518475,0.4728692710599154,0.2435966605643509,101.65662431381965,-138.15076647401787,-9279.81962177472
4988.9501,4988.948920445063,0.29188532461591477,0.7081146753840852,-70.8809803399413,5030803996.600327,515.247340918044,0.29226230801115244,0.39097789586970066,101.06232535605879,-175.1510248503862,-7237.406381782695
4994.1295,4994.134274539897,0.06609650087968626,0.9339034991203138,286.6107199526949,1307486213.5927505,-1906.1976182412525,0.06613630941712227,0.06454311525474511,26.21118724955558,43.632572209627725,2770.131092037295
4999.1125,4999.1081572414305,0.59295061894752,0.40704938105248,-260.4314798093597,4310431545.705019,-92.69827562832941,0.5939562335423841,-0.5888974291550566,86.23939296161124,22.992429466586277,-8735.876787667874
5001.8636,5001.863275407337,0.19616564815867882,0.8038343518413211,-19.45483523757853,3786083285.3545146,-55.147731690056645,0.19629542448327786,-0.19820190681631772,75.66526111123123,10.535662091838102,-1577.1299536671022
5002.7927,5002.791788502281,0.2631859016315192,0.7368140983684808,-54.62152003890354,5164246502.026942,74.3289947822096,0.26333486216530766,-0.24788835467636897,103.16968669797171,-26.404880353512848,-6155.686355920491
5004.0443,5004.041848252247,0.4842719479845862,0.5157280520154137,-146.88428818475649,4933709025.334376,34.68070379057163,0.4847612718963259,-0.43895852616310904,98.51484331212644,-11.236251976136526,-9146.713898079468
5005.7123,5005.7116546557145,0.2064970984533478,0.7935029015466522,-38.64971417828574,3911994406.756803,106.86293164780331,0.20695707492975302,0.37907316900073745,78.06144227113035,-21.74579794795523,-2430.3949470016773
5006.1191,5006.121271620942,0.12729354685482422,0.8727064531451758,130.04796072213244,1620511965.086428,-2043.0051042096802,0.1279056700472258,0.2800794822240115,32.33102804225499,71.32128166319056,1004.356343991764
5014.9425,5014.93980489186,0.2201958882741273,0.7798041117258727,-161.1131321753898,3646250660.1530237,-593.4764157332703,0.22024510060682695,-0.1195257947182838,72.49116446700143,104.33947198008177,-2473.456016692199
5022.2355,5022.233302338124,0.24368904549168655,0.7563109545083134,-131.18509785139275,4345608360.47443,-24.651649545170137,0.24383803957499317,0.226561900611339,86.1443545039528,6.129228375530546,-4749.032969659231
5023.1866,5023.180747980934,0.537828505805911,0.462171494194089,-349.2586120630628,4767293785.497783,45.09326134813768,0.5378993760118537,-0.16362816952613585,94.46791049752139,-13.485540690714304,-11052.913350572706
5027.7567,5027.75385946482,0.4092287773252585,0.5907712226747415,-169.37395230496412,4152815842.1357894,-107.73473224815837,0.4093953702287782,-0.23398506493998078,82.14188423894761,24.381945665717243,-8248.416622918074
5028.1264,5028.124632435908,0.2569559144890658,0.7430440855109341,-105.38764176951429,4291316849.2183275,355.1086264494089,0.2572029607281495,0.2898191203705354,84.8688892239888,-85.79729297722606,-5410.816883767465
5029.6176,5029.614737440703,0.3847036505861393,0.6152963494138607,-170.6240426211078,5418320373.393278,153.64380248207522,0.38489716093621856,0.287999162295885,107.09402588623576,-59.12750442597353,-9437.305753838462
5030.7786,5030.775738743727,0.5519438984195718,0.4480561015804282,-170.50701674551698,4830350252.572155,-275.9438486345931,0.554279105244482,-0.9449878948086103,95.42863496178234,84.33782387498343,-9964.963672940898
5044.2114,5044.2147686170365,0.23474716523417544,0.7652528347658245,200.2069107156084,3774498928.213729,247.45526759245553,0.23608898078831317,0.631603753125284,74.17237272648899,-45.812491271876006,-2309.73100056312
5049.8198,5049.825597821272,0.1009557915400019,0.8990442084599981,344.1990326243534,1362846637.5984704,-1519.177484953687,0.10103330815132469,-0.0911379997586654,26.721709136822735,36.544552851881605,1525.590611786219
5054.6426,5054.637249382243,0.4572575464114278,0.5427424535885722,-317.34683858693376,5144738932.631311,84.14922649397313,0.45739920707490705,0.2388778753049724,100.68235351434376,-28.76445383798124,-9544.850427881642
5060.079,5060.078488765227,0.07421757451467231,0.9257824254853277,-30.288920211247795,2511072825.868827,-816.476562154749,0.07431801479883822,-0.14050162689263374,49.0359739665156,66.2734959063843,2328.5168334569194
5067.1496,5067.148397396137,0.3569057425706651,0.6430942574293349,-71.15076454332062,5172943630.816596,640.1810112387012,0.35864919256384636,0.8412710197321065,100.73502619245029,-219.6022126232823,-9270.096554586478
5068.7658,5068.767706148583,0.16369909630843926,0.8363009036915607,112.73927253360044,2843138317.9215155,-456.506979714181,0.1640536214808491,0.27982535819434884,55.33032428734355,47.259109562735205,895.4276772712952
5072.0784,5072.075623460112,0.3324327681518057,0.6675672318481942,-164.11136661496104,4623872944.53433,1181.2110252416226,0.334369811375838,0.8406027219496018,89.86787157355268,-322.79843228291423,-7270.324883059311
5072.6721,5072.674892943054,0.36841967078810345,0.6315803292118966,165.06157835920283,4455828325.15328,438.3049828792024,0.36889025816546556,-0.4030183179640087,86.58135845749459,-111.19148264451586,-6160.629225110423
5074.7483,5074.750004996251,0.22682191166369822,0.7731780883363017,100.72322540396334,4184121910.301918,-190.85881756801913,0.22853405532512444,-0.7465326847069641,81.23534492531626,42.640887178033346,-2599.9434528357015
5076.2646,5076.274631496174,0.3415561820547416,0.6584438179452584,592.4369851284574,3264504797.854867,565.1303716045925,0.3418590335463049,-0.2766161865209898,63.342776509236685,-76.78868713292523,-2313.6948529185956
5078.9748,5078.972706156886,0.2844383800066305,0.7155616199933694,-123.59155117810101,4518207252.456393,517.6627094576068,0.2869152249205191,0.9344369743618661,87.57585675542468,-134.5243314095193,-5515.476185000655
5079.223,5079.224506658389,0.13637770005868827,0.8636222999413117,88.92793678509685,2526086367.4086046,-271.0694646222202,0.13643391886661352,-0.1049525524833232,48.95796758527911,22.015779208678882,1165.7431670233975
5079.74,5079.7433026375775,0.07538321006786174,0.9246167899321382,194.91269972455657,1641657479.7886436,-1741.3655765172696,0.07553559841110365,0.13898658284835916,31.81039202440179,59.714397774206546,2392.4302600022174
5083.3386,5083.343583842186,0.06967746198203198,0.930322538017968,293.9246067705666,1308417661.7605858,-4335.172905372916,0.07003526769238377,0.1891383867787976,25.31730494921813,94.23237274000614,2444.7012075070506
5090.774,5090.770999512671,0.28604343108792196,0.713956568912078,-176.69679930177577,4060383803.257646,486.56241453786754,0.2862126375785951,0.23046646485354594,78.33754699412034,-101.40779710636782,-4688.2011842482125
5096.998,5096.993986812086,0.2856412080902674,0.7143587919097326,-236.04550539561478,4339114489.359166,-569.5353523971836,0.2858947803693188,0.29059619684181753,83.51084367472727,135.06096341426118,-6049.647854501679
5099.0773,5099.07033838814,0.38047679298259,0.6195232070174099,-409.2973313260037,3664628426.979818,209.27136605062918,0.38052067179689614,-0.11119014883461047,70.47221871628427,-35.3546054113369,-7335.245321059509
5109.652,5109.644818720841,0.35316589814473603,0.6468341018552639,-421.338543361225,4899500280.723209,-366.95905056247193,0.3548602191644636,-0.7988876658852584,93.82970829328406,110.1281493165967,-7004.686792491445
5115.7781,5115.773811312742,0.6138234904866274,0.38617650951337257,-251.32366373041606,3910074845.2296004,843.7483585875679,0.6142777048789889,0.36927288175582573,74.70203042280271,-160.69352606997126,-7106.659677306149
5123.72,5123.728230224132,0.07409236202613571,0.9259076379738643,481.5561979053128,1110601378.3866596,-1598.9467333878763,0.07409591031612493,-0.017331015962441583,21.152224162395672,24.453524074591545,2149.710371281771
5127.3593,5127.363463996645,0.06839876817776029,0.9316012318222398,243.4654402421894,1598046497.5284266,-171.88957240331592,0.06862921658756663,-0.1674791655431942,30.392834634403123,5.431194333994316,2807.1272963198926
5131.4687,5131.46880397462,0.17485723570667883,0.8251427642933211,6.074441555695012,3668518614.005537,-62.0536636436885,0.1761181032380855,-0.5928234983894923,69.65901760037643,10.307968997807816,-1146.3877035715998
5133.6885,5133.688713858037,0.1877578979357696,0.8122421020642304,12.48868654050172,3341917560.2812166,-416.70524205446014,0.18882742883408615,0.5196843698210151,63.40254254399542,57.36950941387874,-2210.1936259663375
5137.3822,5137.381260849892,0.25303349441885903,0.746966505581141,-54.80419956210845,4761941999.344182,-57.350367762198005,0.25355995465124814,-0.4358957044262933,90.2132878739763,15.996623364450118,-4161.967317231632
5141.739,5141.738114080085,0.17579084233548062,0.8242091576645194,-51.65414049316682,3140618766.6256523,-1095.0513417251072,0.17598669124022137,-0.21614694649503002,59.39711075940608,132.52089722651897,47.08947364660699
5148.0428,5148.040882646896,0.3525597231522525,0.6474402768477475,-111.65563737457168,5244466817.681872,675.0732181774626,0.35354376396426246,0.6260408463256498,98.94352347675046,-226.97441352307374,-8648.413655631795
5148.2292,5148.230756530404,0.28841201135035194,0.7115879886496481,90.64011285987134,4194863359.027441,453.34366600472885,0.28895683099905267,0.41586424932624777,79.13558435271084,-97.50760224472893,-4808.587458023014
5150.8395,5150.848421734235,0.07145205692443504,0.928547943075565,519.268487369671,1131105862.0402148,42.68296015010687,0.07182933454260608,0.179487336376763,21.316491142235495,-0.6664599090905371,1597.1618443092905
5159.0576,5159.056246524601,0.38619006670803135,0.6138099332919686,-78.65035596403297,5233082552.409316,22.836411368160874,0.386223061900771,-0.11390255524256747,98.30759340547655,-7.595940293149957,-7653.03042250092
5162.2729,5162.274286446784,0.2111374499746308,0.7888625500253692,80.51614031865356,3481557281.7699447,533.3358441518388,0.21194955537585436,-0.45959007119062356,65.32228935042853,-78.37434701297893,-1732.089326538714
5166.2822,5166.28824262693,0.041135949947341426,0.9588640500526586,350.6455725866666,724884026.48473,-9597.932602333209,0.04113605727510366,-0.0024149802716592356,13.579421470034688,60.99976439327853,1934.9869900566462
5187.9142,5187.907872430067,0.4320959178629996,0.5679040821370004,-365.64940557583253,4707624070.811552,414.1049834156022,0.4334002784598272,0.676591476128632,87.455528518352,-109.61917828942637,-9321.699055489646
5194.9418,5194.947719929629,0.08512719658723263,0.9148728034127673,341.63044035381097,1185698834.3977866,-890.3605625003818,0.08548647593297887,-0.17808560326353154,21.96757079119784,14.890883244485904,2499.49916621032
5195.4723,5195.470501857061,0.2568424585917095,0.7431575414082905,-103.75759130954603,4462047482.39573,-779.7778604954012,0.2579861670176309,-0.6172152060898394,82.65220135349524,184.6349557670024,-4641.130031599404
5196.0596,5196.055675050943,0.35238499235006066,0.6476150076499394,-226.45431648998618,4892634445.894651,-393.0408738967207,0.35291210585023414,-0.43761838411593335,90.60771562656397,111.85390942826992,-8198.099673676188
5198.7111,5198.712821118343,0.14317024599706274,0.8568297540029373,99.25119676481694,2610038666.650255,-163.1506129706847,0.1435869824409609,0.2835910182221396,48.28645146630646,13.193025785763764,-165.37167284200456
5215.1806,5215.180608860727,0.1895202451246747,0.8104797548753253,0.5093551888840117,3730269816.5584183,167.79049184377493,0.19020566789532567,-0.4332901742020753,68.57590441885672,-27.45295392308907,-1286.7083896704282
5216.274,5216.27659502314,0.09754986362035138,0.9024501363796487,149.1425422620451,1596296830.8682172,-435.54294218293444,0.0977931773044288,-0.16912942944560358,29.333401849900543,13.041446044797027,2410.430824609072
5217.3893,5217.38869687583,0.19987567919616403,0.800124320803836,-34.65566148737703,4058518550.0875874,-87.81772959856265,0.2004630287393559,-0.4185995519471407,74.54716871344398,16.986621034673085,-1480.1619387183
5223.1855,5223.179430594733,0.541322422616077,0.458677577383923,-348.36249323084553,4803763677.970793,730.2056527187318,0.5428274970632978,0.7308274053611574,88.04034744300638,-197.220894504495,-7889.745741190743
5225.5261,5225.529423377466,0.05874076689442495,0.941259233105575,190.66472547079155,1815282776.9166691,666.4176538394621,0.059111678588830936,-0.22190305945589317,33.23943985879805,-25.668085463872256,3177.8973513393616
5226.0661,5226.055977963251,0.8009759223966502,0.19902407760334984,-580.6490424732358,1850023468.1407015,517.5160116533888,0.8010736431705964,-0.1149814172186863,33.868746803722296,-20.696904508715786,-3748.8320085887854
5226.8623,5226.866101629644,0.14798069138019207,0.8520193086198079,218.046665465,1937989442.1070666,224.1699917918712,0.14811254782687522,-0.13674283067991705,35.46816021206759,-9.833439870266844,908.5085356105009
5228.3767,5228.377891575601,0.40048581124049426,0.5995141887595057,68.3243382990351,4823738068.588468,-7.565901756149535,0.40194722720248655,-0.7177882264554746,88.230711736071,2.0543598803158867,-6142.812348063528
5232.9403,5232.946534139317,0.1182897772502853,0.8817102227497147,357.15063466302024,963996177.5738959,-2757.362158757551,0.11845498063179863,0.10759301996354381,17.601623257118238,29.82324139186289,873.0462879279225
5242.4911,5242.491680844996,0.26592694153177926,0.7340730584682207,33.215688064327715,4578607788.68096,-51.09837973514762,0.2660992742071191,-0.2396394412286552,83.29672896029582,12.399668263848996,-2962.4185681147087
5243.7769,5243.772723701484,0.40620311423714256,0.5937968857628575,-238.76355177177487,5239466360.00871,-478.6170520783811,0.40744194016274016,-0.688683744742981,95.27289022538979,151.97774665599516,-8244.10906070659
5247.0504,5247.053150103837,0.06097889069943318,0.9390211093005668,157.12835328354925,2182393681.520019,-641.5461410493906,0.06236617580399878,0.468167602108386,39.63438950902012,35.27743492326067,2074.9464275197856
5250.2089,5250.211832316319,0.06394546505619733,0.9360545349438026,167.43835028940606,2205900096.659263,-550.7135320034598,0.0655746342299354,0.5098491027680017,40.01309924083179,30.882770184595305,1803.248921965256
5250.646,5250.647576371274,0.14019534121209543,0.8598046587879046,90.00496683677262,2660138052.6004643,191.8322049953929,0.14087611509338385,-0.3622738900127834,48.24457014458448,-15.640137375248713,724.9663963568867
5253.4617,5253.460324036498,0.2758795644989854,0.7241204355010147,-78.52031745568787,5340895013.304812,-14.823871523712313,0.2762279936931098,-0.3672084761705285,96.75939229518625,4.864101803117881,-5177.174319399753
5263.3063,5263.30735895716,0.18904048551034489,0.8109595144896551,60.31709953587618,3548066335.315981,247.2325065983406,0.18997579407610554,-0.48886889717547566,64.03896011817599,-35.6009952427265,-1493.875442775974
5263.865,5263.85717458656,0.43555772659730696,0.564442273402693,-445.680109563095,4237590377.2588444,-664.5118181039531,0.4362802192873216,-0.4712059681832325,76.46818534841786,136.45129669434417,-6040.280121649395
5266.5554,5266.5549916126965,0.13031194207920427,0.8696880579207957,-23.24696585882811,1143981676.9078815,-7076.296100497935,0.13031223400664407,0.004905721385427944,20.622239493651453,105.73373302006107,519.4252590359165
5269.5374,5269.556316363985,0.043380405983401045,0.9566195940165989,1076.1823714457007,194566497.21930578,-56390.902514735346,0.043498965625930044,0.03998010294265435,3.5034019248321497,24.331692361680755,354.5998358674144
5270.3564,5270.355700147667,0.07193029132895915,0.9280697086710409,-39.809537531979736,374414220.11431336,-47326.12894691298,0.07196303940751174,-0.030079864955762165,6.739729787716287,75.58492254767691,844.7004052652834
5273.1636,5273.163895959777,0.2036332228448875,0.7963667771551125,16.82604897197555,4058742459.402999,370.1426037202821,0.2036384913495213,0.03922275430131689,72.98253753221987,-69.35656196787876,-2319.209376514476
5273.3736,5273.37946075538,0.1767503546187926,0.8232496453812074,333.18524239300854,2662083988.121961,-109.87734813712075,0.17720394874566484,-0.29479761606760785,47.86452031827426,8.855924537213314,695.0447058661407
5281.7904,5281.790488299658,0.17280762449457565,0.8271923755054243,5.011855751465317,2367303552.829318,-1541.4001397767397,0.17292686035480864,-0.14252987560644556,42.42888450791235,97.7752837079356,479.7908367104606
5283.621,5283.622399932845,0.1515071478403091,0.8484928521596908,79.43213727623088,2447246640.6991863,-1150.5124066494877,0.15158528017611686,-0.11718058370158119,43.83128468957979,77.91135754126397,495.35262013117443
5288.5247,5288.524272388523,0.38712127106972627,0.6128787289302737,-24.24016204800134,5639986579.985412,259.2724987345485,0.38780834094502403,0.526893407839153,100.82751671158553,-92.99474116781155,-8129.154220009766
5298.7758,5298.775597549798,0.475988276403582,0.524011723596418,-11.454163415143848,4580784714.588005,799.671869253599,0.47733644440563283,0.6659447650807107,81.57532837087632,-188.1110468803152,-5979.579802438995
5307.361,5307.361260447372,0.13036643374849805,0.869633566251502,14.71167268412808,3283754690.845845,-454.83086051160643,0.13146918450424805,0.5060397280942011,58.288571268001114,54.71478381046725,215.18871182117078
5322.0408,5322.040759914525,0.2385814838905337,0.7614185161094663,-2.2580291223050444,5129696978.938274,240.85231854248298,0.23976162123306705,0.6545463467056326,90.55351707808933,-70.1211397027855,-3661.02028707402
5324.179,5324.182191084223,0.13033670488663962,0.8696632951133604,179.68272343751818,1865627860.4667127,-1093.9856104362198,0.13107700260091568,0.3112806181752484,32.907069330095304,42.07772230691785,669.0567449207239
5326.1428,5326.140491242766,0.49208972356813885,0.5079102764318612,-129.9529569449747,5169738458.615912,170.60398810298565,0.49260592227673466,-0.43335389645198524,91.11992231151008,-50.33125637448403,-8575.475288092131
5329.9891,5329.985164140181,0.41865845554770187,0.5813415444522981,-221.37776780879997,5354612182.387324,-29.35208939400232,0.4187499749504014,0.18572465371419453,94.24233235439662,9.269714656549981,-8481.878183431467
5332.8997,5332.902439424719,0.11448799117606391,0.8855120088239361,153.99855917533137,2751893486.9669785,-477.146908832288,0.11449586999352708,0.0390415391308122,48.38094503022739,39.73504786918787,1695.7657738244175
5339.9294,5339.930456725239,0.1738536305618689,0.8261463694381311,59.32630062998143,3241365892.082685,-114.03678428919058,0.17542407333701857,-0.5978578863098777,56.83643898252238,13.1233156810898,-187.13356293065004
5341.024,5341.034776227842,0.07818873071509223,0.9218112692849078,604.8712442579376,505030604.179682,7184.37169497439,0.0784666350892708,0.09985502631611756,8.851907957273713,-20.05844539534307,216.54264618342302
5349.7376,5349.728768040429,0.4664635666296564,0.5335364333703436,-494.9317269169731,4549478301.225939,377.26500068100177,0.4668578207292301,0.3543922001671118,79.48186970441914,-85.05967579993603,-6245.377198523944
5364.8713,5364.870743036565,0.26416629761953986,0.7358337023804602,-31.12347488876116,4384495727.68661,-170.3322366150293,0.2646923761205345,-0.4005407446911711,76.16775054557237,35.367768918103934,-2993.0318756436664
5365.3991,5365.397349357152,0.30245362902757267,0.6975463709724273,-97.81742468270794,5138350867.6690855,-228.91264464817087,0.30441034590517957,-0.8367606194317612,89.24625065898796,65.2620821857499,-4315.977164357508
5369.9619,5369.962232076776,0.22214312884631549,0.7778568711536845,18.539072461247184,3844216929.628278,-52.773087960276435,0.2223138554596229,-0.21336825281704055,66.65541379231519,8.3997021966856,-1475.491205854002
5371.4897,5371.5034349996,0.0531722964134584,0.9468277035865416,766.5749206956808,309342254.8421974,-34797.56225206511,0.053314395504875205,0.05430066978057935,5.360651021843154,35.83348454318982,570.0913032644818
5373.7086,5373.706151079942,0.4502307424363096,0.5497692575636903,-136.62217626782024,5279564352.956006,-82.38204233738651,0.4509416632595368,-0.5098823999141201,91.41558936614047,24.680632682430684,-7806.046064936334
5379.574,5379.571584546609,0.38025291038563175,0.6197470896143682,-134.60818813280366,5333533748.43547,427.3095201157273,0.38234423744199425,0.8802232243213048,92.14879701246021,-130.22036017539395,-6533.613903339505
5383.3692,5383.370464134195,0.20042030436581126,0.7995796956341887,70.39790201130421,3425291207.6847425,-130.65741056292728,0.20110882245960657,-0.40360051453050033,59.09612018713287,16.387607195927316,-485.9894509817645
5389.4792,5389.478980764422,0.3574861094067413,0.6425138905932587,-12.195087930961607,4963362001.449347,-66.43431164198745,0.3600426521256513,-0.9343554838962789,85.43825916122894,17.436258394181397,-5421.432925519335
5393.1676,5393.168887660005,0.18185423500781497,0.818145764992185,71.57774179586623,3322150970.4027066,-53.41624929997967,0.18340872697037955,-0.5960244168220784,57.108575559318204,6.268005357668415,-339.7113402167263
5397.128,5397.142011594798,0.052575212171541645,0.9474247878284584,778.2973546243095,384340053.20739394,-22795.842633375796,0.05257555487772333,-0.003009115465124046,6.597174311123664,35.72273541275845,780.011736343022
5397.6178,5397.612573015496,0.5849047221960042,0.4150952778039958,-290.31520762471007,4167074695.0461674,-447.686711263105,0.5857116869748676,-0.48114394885595035,71.5151200575052,82.44815640730907,-6435.6590089678875
5398.2794,5398.277112261118,0.4123093329883519,0.5876906670116482,-127.04915990022718,5251351698.05377,-32.36391164980672,0.41259605961663554,-0.32145606687304046,90.1012384163229,9.462088262646752,-6315.763996422739
5403.8215,5403.819075736766,0.40233442119626406,0.5976655788037359,-134.49293872426315,5189701522.650295,-75.7062404112407,0.40352128941194637,-0.6494830131168151,88.86091585485228,21.550797316469215,-6471.874790418242
5405.7752,5405.786548894454,0.056544231617536696,0.9434557683824633,629.3848408759128,359547207.2627022,-14513.817779451718,0.05655747131436002,-0.018095015426236198,6.151883996000305,19.809163077552192,885.2864023269512
5409.1336,5409.133082691631,0.47750889540035574,0.5224911045996443,-28.670977460103522,4332849365.977361,525.3879576022296,0.47751283322073124,0.03415634007396869,74.04372544984496,-103.94260506081733,-6535.718176393955
5410.9098,5410.909133381464,0.26693184844969564,0.7330681515503044,-36.934123270469286,4353489837.999398,-28.46203735714927,0.2670972592690248,-0.22179540562930408,74.34761782209033,5.679101536577133,-2720.206060464465
5415.1993,5415.201671385987,0.20967914384518782,0.7903208561548122,131.2830044374969,3269663750.223266,339.9257838573242,0.20998922455401708,-0.26273467310462734,55.74986582704288,-38.16767351033931,-944.1210283244736
5424.0682,5424.070080275632,0.18407095441965965,0.8159290455803403,103.92429311400812,2982078285.896036,-79.69211710524858,0.18419165734746748,-0.15644156366934123,50.6802163971655,7.406736088680808,-484.664973080986
5432.9479,5432.943708970443,0.44107899920182475,0.5589210007981753,-231.26285683116225,4791960619.661963,158.20311745067653,0.44113663001436604,-0.13676257380893492,81.17323122764924,-37.78202259327855,-5948.399829079995
5434.5238,5434.534058214964,0.06219042537641093,0.937809574623589,565.8886761542462,589600731.5562928,-9577.34418782517,0.06220627089916063,-0.02520965504086074,9.981674152474309,34.595808113027594,1141.197086001184
5445.0424,5445.042544555617,0.27976561906173386,0.7202343809382661,7.95892489893959,4629950276.020299,245.28520941341955,0.28042843620643343,0.455351070865599,78.08071405352442,-54.32121610686921,-3896.291763792761
5446.5829,5446.60339677199,0.2191839190482617,0.7808160809517383,1128.189503180205,3413438913.052936,35.87250175530632,0.21918450052425836,0.011567852501255612,57.53215400363667,-4.31437588131914,-2709.724886177833
5462.9595,5462.95698451454,0.33184448577750236,0.6681555142224976,-138.0430459312346,5138596956.587391,-103.7352664734626,0.3325609702564436,-0.49683488097332573,86.09124689210098,28.020862327123165,-4986.800824494745
5463.2762,5463.273764134559,0.2995411099527154,0.7004588900472846,-133.66596546841083,4792259607.40742,197.9048661949174,0.2997895308738773,0.28256198902409246,80.27945472870046,-46.48657580794858,-4010.061368598867
5464.2796,5464.273581289553,0.5526853319196059,0.4473146680803941,-330.2107745328423,4495233148.744771,-487.6552407483096,0.5546042943989029,-0.7618623677885077,75.27614249515699,100.73243566938409,-6511.553040048106
5466.3962,5466.3946219179,0.36546256451815445,0.6345374354818456,-86.54643653739234,4847390683.755933,424.4788432855877,0.3660895676456957,0.45170861474748564,81.11031112910005,-101.84001554996729,-4849.692593037018
5466.9878,5466.981377373012,0.522090400603655,0.47790959939634503,-352.1967126947362,4807597000.082512,467.7003130976081,0.5240490815565507,0.7956635385158809,80.42718544437749,-110.33931652997842,-6842.104049686486
5472.7091,5472.6921043761995,0.4194955534931438,0.5805044465068562,-931.0123635855442,5059282104.945593,177.39248851181756,0.4198118897145423,0.3270469622048794,84.46112660992581,-46.20184027326483,-5453.438101145001
5473.9005,5473.8965790468665,0.3542567444922597,0.6457432555077403,-214.74123936435265,5084998176.764494,456.775477397953,0.3564408077511165,0.8633616144492375,84.85308376432789,-120.10025270830296,-5412.690525363708
5476.2885,5476.282061626226,0.3940720201624645,0.6059279798375354,-352.46059426909926,4425038432.37638,-577.637615243923,0.3952942950797798,-0.6021475430951392,73.77605585353886,114.86333859537766,-4903.913847510935
5476.5642,5476.563555501235,0.2673922534155662,0.7326077465844338,-35.28049007103421,4211825115.5741363,139.19836809609401,0.2683125438469498,-0.5079055101649995,70.21405745432764,-25.072619457958208,-3441.92610304518
5483.0988,5483.0949200552595,0.5081463523768986,0.49185364762310135,-212.13883116143464,4589412936.598981,269.3200320877025,0.5081888782677831,-0.11391050682312696,76.3265463010106,-57.39247283696857,-5517.972930372828
5487.746,5487.742255998633,0.3374624088284328,0.6625375911715672,-204.53267566043834,4499204893.676908,37.12454522403182,0.3375091015365382,-0.11811043675744148,74.69961518710629,-7.58404444921455,-4402.236007233141
5493.4988,5493.492335148655,0.5465337216956629,0.45346627830433706,-352.8013286199156,3981149486.9408345,-189.20913426415942,0.5467051292621405,-0.21271796038557111,65.96012099337955,30.16913104406514,-4862.479280578238
5497.5161,5497.521051742569,0.06622624034213287,0.9337737596578671,270.0301462174562,1306467359.183594,-5053.319498103433,0.06684159655924281,0.22834480708958044,21.6139810286471,86.58097721034808,1304.7064227597943
5501.4653,5501.470300697154,0.06417432805329629,0.9358256719467037,272.50399844624064,1441686947.129587,-2526.2296578353466,0.0647288947791204,0.2288054990545671,23.81680084728013,52.5929758815524,1653.9358560795918
5506.7791,5506.784783892225,0.061597879752837946,0.9384021202471621,309.43460602947795,1178232317.0863516,-4720.4334742305255,0.0618971707626421,0.15159742071877585,19.426954699964696,65.44835462798827,1850.2783366311608
5522.4465,5522.441057081241,0.5377649659619019,0.46223503403809807,-295.47520171987577,4897592864.956767,-168.07786447150443,0.5387004432313836,-0.5483381739907931,80.29537033935686,39.923803961587694,-6724.596837293171
5525.5443,5525.539393404814,0.48124992837371927,0.5187500716262807,-266.21091989157827,4929802637.456599,-17.433903358742892,0.48137959703838995,-0.20462658579512089,80.7328303215136,4.1886971652671185,-5745.679644735295
5543.1896,5543.186265810084,0.4814584486673615,0.5185415513326386,-180.32307435341144,4495329439.768049,405.0134346412683,0.48360257233903386,0.7935915177603279,73.14970587454418,-80.14258801651016,-5167.977327136949
5543.9357,5543.9342023673025,0.44256279599877313,0.5574372040012269,-80.98560514583887,5058867523.36579,-12.684719794740493,0.44298041776806235,-0.3707333448573198,82.29760117623105,3.1774782840112623,-5403.121040768088
5546.5058,5546.503514059583,0.5092884340687202,0.49071156593127985,-123.55665371930348,4633735309.462894,127.50528573439856,0.5093017241414804,-0.06326882270054059,75.31173304859,-26.759750332187966,-5548.006830398147
5554.8951,5554.886358449006,0.37548397400435923,0.6245160259956408,-471.7732759764955,4092902409.3584757,-756.448965698367,0.3755198189312347,-0.09757943823893911,66.32099552391223,123.3008805283447,-4167.257678002111
5560.2116,5560.2070956907355,0.5105656373710057,0.4894343626289943,-242.86089146012935,5201576832.624765,-235.63261481281197,0.511931667607109,-0.6785594291883544,84.1246144669798,61.856000639892436,-6604.14818239398
5562.7065,5562.703058923367,0.4649861241775999,0.5350138758224001,-185.45088114199692,5159109753.365023,-42.22751453371928,0.46527748241154987,-0.3116921727400175,83.36293874238997,10.890221740347489,-6292.0497593697955
5565.704,5565.700202667861,0.3780793202600794,0.6219206797399206,-204.54043831572662,4997177653.631902,453.7498443356992,0.37989031020375164,0.7662981544143976,80.65943489608529,-109.61145459171028,-5141.042515930127
5567.3911,5567.388519766512,0.2926394153747419,0.7073605846252581,-138.94021913843358,4724576663.206768,-89.05302093075883,0.29335844254687893,0.46788115050256124,76.21313835226378,19.21184924782954,-4213.754090192493
5569.6181,5569.618528681778,0.1861392995548505,0.8138607004451495,23.074394284858222,3411452725.8054566,-12.5121207181143,0.18650599745828603,0.2839777463615016,54.986801771823224,1.4056674551998247,-561.5426048947626
5572.8424,5572.84415430578,0.17176263727853736,0.8282373627214626,94.3733204541844,2654920931.7321916,-261.0184515698195,0.17280977585251892,-0.4236119979198103,42.743275476787105,17.729357576205874,466.5114527807117
5576.0888,5576.089365052301,0.22378536487550849,0.7762146351244915,30.37943336678664,4190885718.376179,-159.64851927466927,0.22624633244220532,-0.8150567999821081,67.39324555163695,26.973459859609275,-1939.4046776873292
5584.7647,5584.7640497104185,0.519970150176163,0.480029849823837,-34.90781124101843,4104726787.0295424,876.3379200382759,0.5222623276845716,0.7807972835941409,65.80283443971207,-141.37575226655431,-4059.2207764837353
5586.7559,5586.760205737452,0.1591182279121708,0.8408817720878292,231.05137175227068,2347062874.1274977,-82.63106345169568,0.15921701417520565,0.12187799386037187,37.59885903218975,4.3537350691989785,30.061556808009207
5587.574,5587.570849837914,0.5823046782484215,0.41769532175157853,-169.01697138646762,4167800093.25476,256.14430907841194,0.5823066482031576,0.02293489911785404,66.74685363483081,-42.538154457599,-4749.485444270525
5600.2242,5600.218762372439,0.5816827733385953,0.4183172266614047,-291.0882982101203,4014995749.392638,121.76526696658604,0.5825275749098736,0.4650628068759003,64.00959946570241,-18.639228377475376,-5537.257684850718
5615.2966,5615.296755669542,0.24698274397984876,0.7530172560201512,8.310968785319309,4463509008.947591,155.437264006624,0.24704091121976746,-0.12830167671556508,70.77844136171936,-29.170181943181287,-2464.118089149472
5615.6439,5615.646472078084,0.1429970892833212,0.8570029107166788,137.3109877917955,1858297268.6359727,-482.51155085498823,0.14313761065570157,-0.12877154749280886,29.463590792964702,15.692354654148305,676.7572680360431
5618.6327,5618.627884523549,0.5001171972986895,0.49988280270131047,-256.93858252095214,5236820921.428994,-215.85947569283184,0.5012797479779255,-0.6214954298995535,82.9425125037504,55.66280074703917,-6319.181554209083
5619.5954,5619.590646674071,0.611419804285751,0.38858019571424895,-253.57897902297324,3827742422.2784376,-583.6971817834643,0.6127243687331485,-0.5635770496965448,60.6042872200089,80.37264589747751,-5104.215653106592
5620.4924,5620.479700795419,0.5781563690378093,0.4218436309621907,-677.365163930612,3351193541.1456842,-927.6329340104018,0.5781597323458981,-0.02671924415431718,53.04234883902287,97.85980145080119,-5204.811383684884
5624.022,5624.018632683302,0.5268426132003352,0.4731573867996648,-179.49719076442472,4795994309.641233,705.4582882051905,0.527747165818901,0.5253085128841707,75.81500392084234,-152.13800161537284,-6050.501876996136
5624.5422,5624.560062529425,0.1897466253192504,0.8102533746807496,952.0866609094257,1732772975.6205065,1313.2454112711864,0.1899524158452991,0.15045563454543928,27.386375136444766,-36.958373413348795,1682.9928582131063
5633.9465,5633.942485898692,0.5008833271308929,0.4991166728691071,-213.59757280748204,4484633526.137249,597.1082130433999,0.5034172421478447,0.849201460593932,70.64348979260164,-112.00026165527933,-4558.963454138022
5635.8226,5635.819540992765,0.5992844565996515,0.40071554340034854,-162.721108042362,4226539292.371613,-201.00625962066096,0.6004759304056758,-0.5633433842268456,66.53355942401194,33.4547254019864,-4815.272676684183
5636.6962,5636.693175587492,0.6510239929198798,0.3489760070801202,-160.85593895426305,3983765709.8274317,147.69337402234694,0.6510787046497732,-0.11710964625195366,62.692415429978944,-21.8285408370905,-4754.757816321076
5637.1081,5637.110358666114,0.6153132661310394,0.3846867338689606,120.12029110315694,4124445955.3444734,197.63849223140588,0.6153136665985272,0.010196075258231414,64.89669010006418,-31.30274737845599,-4650.381760965825
5638.2621,5638.259857981905,0.38024517579953154,0.6197548242004685,-119.21051267610562,4968538581.64805,-36.29653684116196,0.380249294338539,-0.03588066675496327,78.14631346199872,8.33751369903634,-4430.105203478585
5645.8338,5645.826494255722,0.8343979392705249,0.16560206072947514,-387.93331727795606,1885959416.9890747,-189.92315565531615,0.8343997525000116,-0.014648400617019539,29.5833459783795,6.2605043709211365,-2657.881513980154
5649.9873,5649.981341752528,0.6954678135263714,0.30453218647362856,-316.14896812796906,3417774312.1548157,-585.3180495950114,0.6975598310974835,-0.6706447064551428,53.53272590812599,63.22472367447885,-4611.496743233751
5651.469,5651.464758109898,0.7544424962406233,0.24555750375937668,-225.0187801211607,2932016987.8311186,85.81773695245276,0.7545337513130141,-0.12941530978896013,45.900185332587355,-6.816732509753741,-3672.697796411698
5652.318,5652.312065890825,0.6685877284424033,0.33141227155759667,-314.7383384614779,3811407327.249544,638.7564936952142,0.669495039951434,0.4662909477947124,59.648991609504115,-85.69923884407673,-4793.449238024337
5653.8668,5653.859938492027,0.5960218130262215,0.4039781869737785,-363.82681330688484,4518464128.516882,94.93200903499604,0.5961471583667104,-0.18819827526009045,70.67580306039419,-17.88580592727723,-5609.954648888544
5655.1765,5655.17187730117,0.5968469115652741,0.40315308843472586,-245.058707674277,4219419255.092557,-192.30847554841174,0.5974889286133769,-0.411745055611323,65.96765814272398,31.572986259169994,-5137.491700513088
5655.49,5655.486988776399,0.44916627553079597,0.5508337244692041,-159.62226524936523,5196981147.632944,-211.73663788058136,0.45021611616454515,-0.584518162905053,81.2420980884511,52.727547818824384,-5515.997095085903
5659.5747,5659.566003113769,0.8019058373227922,0.1980941626772078,-460.6814183923397,2153563959.5134673,702.1133254706771,0.80190642533155,-0.008891534545711125,33.61719866345125,-29.958680321286263,-2972.702397232476
5660.8011,5660.79182242927,0.6994985054007228,0.3005014945992772,-491.33429778602425,3258836475.1782746,31.657577178523372,0.7002502006696038,0.3907836033197136,50.84850693230739,-3.0911534262998392,-4809.0177887447435
5661.3455,5661.34037220156,0.6969885812596337,0.3030114187403663,-271.53885918916234,3461977656.1011024,289.53312014320477,0.6969996978379911,-0.04899833171723396,54.00770615738227,-31.896150647846728,-4747.287400485715
5662.5162,5662.51465798836,0.30922209533430645,0.6907779046656936,-81.639229522361,5103755673.202826,62.98952186355208,0.30923853870377477,-0.07234776089161035,79.58682903877153,-15.071946602316615,-3928.5881951157367
5667.518,5667.511803795832,0.5050473970924209,0.49495260290757914,-327.75816113010876,4269366198.768179,-202.01686273754228,0.5062549780790698,-0.5667925811684116,66.4581955218285,33.73544463965625,-5189.112556185047
5677.6848,5677.681253029066,0.8688003604901295,0.13119963950987046,-187.28675016832904,1508068276.7685893,3200.1432012108967,0.8688425713885347,0.06295827148944833,23.39101103567243,-66.3204860738279,-2246.445414260152
5678.3788,5678.369984460912,0.9028797027702261,0.09712029722977389,-465.42018858594264,1250467349.226269,-454.3188745188069,0.9029015479975906,-0.04116769686250719,19.390767006492567,6.471183796745272,-2069.681722099831
5679.0229,5679.020922506812,0.5191579774000787,0.48084202259992126,-104.39076473773304,4948601397.768173,302.3841189856731,0.5192033199949951,0.11799747600394656,76.71946054095429,-67.42994738515483,-5891.959103510334
5680.2404,5680.238960598065,0.8099936535128127,0.19000634648718728,-75.96894032629602,2070877417.5530944,1350.8917538162993,0.8108835125470383,0.3391064566317392,32.09158622322501,-52.72041467745428,-2233.493744418594
5686.5302,5686.529312006785,0.44223076465622446,0.5577692353437755,-46.81478145252512,4941931520.723306,-239.44359328886023,0.4439357484786914,-0.7225681579438854,76.41386438459448,53.0400741670328,-4871.556185744747
5691.497,5691.493184029852,0.5740566015551357,0.4259433984448643,-201.0014360599944,4287509054.7873793,717.0396946167267,0.5757754545956002,0.677024797177684,66.17936784488599,-119.2405416294119,-4553.241138074173
5696.0896,5696.0877924417055,0.8203924444135244,0.17960755558647556,-95.13409763992095,1999674342.4211867,2031.4405664515537,0.8209016589632452,0.25157039548919563,30.81597618969977,-73.3064093398638,-2511.264671329405
5698.02,5698.016305673564,0.7174956419759992,0.28250435802400076,-194.37123827676666,3216052298.523104,1140.3052552860386,0.7188803284584974,0.5261554073451941,49.52742299859232,-106.3274917775916,-3757.9446520155875
5701.5446,5701.547124782545,0.21837361570891262,0.7816263842910873,132.75538792180555,3961977944.7622595,367.9583888188126,0.2204026981221845,0.7047069317823811,60.93918216685985,-51.9749359102586,-1555.3249759519465
5704.7337,5704.7276260905855,0.8065286144314634,0.1934713855685366,-319.19320492738547,2319002031.3756824,1029.9362313176061,0.8067337827720567,0.17124379903257858,35.62880907762208,-49.75733992087008,-2754.587945343379
5705.4646,5705.459641508023,0.5826038633026167,0.4173961366973833,-260.5429359377618,4484761632.0443945,-119.38880863529279,0.5828890692156327,-0.2803769694982186,68.88554424160732,21.563524014277203,-5307.441441370889
5709.9323,5709.92586948464,0.824516015667938,0.17548398433206203,-337.6257203618863,2227503529.813065,-125.09513912526718,0.8246263197548209,-0.1227698963994148,34.16075537144299,5.560772501079142,-2979.474047904712
5712.1316,5712.128290222487,0.4142640224931204,0.5857359775068796,-173.7085917425323,5453424691.020088,-36.229118689048626,0.4142684841549385,0.03861832558050945,83.56865622954257,9.641660890503172,-5772.304664908176
5714.5491,5714.5402319297145,0.928521711748855,0.071478288251145,-465.2301593926045,878669787.4546239,257.37739863396615,0.9285648111398489,-0.04814535422043019,13.453432646115868,-1.7759355956190743,-1475.1842461213498
5717.8329,5717.829566837777,0.4610477951602062,0.5389522048397938,-174.76147228704022,5214467374.987143,283.0217896844852,0.4616410224836754,0.4354053156845391,79.74758621686287,-68.65868247477302,-5668.174105174551
5720.8982,5720.885764442162,0.7981473378503396,0.20185266214966036,-651.6610364867927,2185659735.88485,780.5759868885443,0.7981476218566378,0.006159234412242049,33.39073697240932,-33.21542122957338,-3064.511908320383
5724.4547,5724.4463018456045,0.9040441604976042,0.09595583950239583,-439.81540267397315,1207462500.7728333,1606.4473336075464,0.9041237746937816,0.07667270701393457,18.42369285327768,-20.82392735921478,-1612.1174269539567
5731.7623,5731.759488435078,0.47009714359527754,0.5299028564047225,-147.05528852735955,5180491384.939161,242.24775400353903,0.4701199477750644,0.08482042374193977,78.84334529910046,-57.582046575659,-5727.249851213234
5732.296,5732.292230774043,0.8458914495931703,0.1541085504068297,-197.12616280806904,1821265400.3456037,1659.959514828814,0.8458932283019651,0.014044980739061167,27.713194924005737,-48.75378122579067,-2585.3320180027827
5734.5652,5734.554754849295,0.9164158500338785,0.08358414996612151,-546.0531522122862,989220119.3980826,-620.2823983993636,0.9168427044145943,-0.16021747686655674,15.04054375428996,5.368160954065368,-1230.228878038091
5738.2277,5738.227650233916,0.8093816744990031,0.1906183255009969,-2.600018232121768,1958588735.2970488,1680.5252667310124,0.8098674184812232,0.2411893094078492,29.741146690685074,-56.904620469060546,-1869.531855716637
5741.8484,5741.845334939151,0.6324161158673846,0.36758388413261545,-160.03246023614727,3988293096.922804,3.771530191730827,0.6327142843801009,-0.268539858021759,60.48589221758349,-0.5285505801267756,-4231.877891179582
5742.96,5742.9559878789105,0.8089838163628141,0.19101618363718587,-209.439669304387,2273790281.877158,411.3729881593681,0.8090151203549061,0.0657129795024317,34.47064694447406,-18.727483398003262,-2760.724358493064
5752.032,5752.029084602392,0.5286915714563295,0.4713084285436705,-151.94877480904654,4856425284.813874,-206.53188064284143,0.5297767331248674,-0.5647656880894554,73.39129808644604,42.688078269827315,-4952.596865798774
5753.1227,5753.120199034987,0.3935512347844281,0.6064487652155719,-130.3240844307667,5188211852.245386,-287.6824986612398,0.3955676087972368,-0.7962373507575812,78.37558767806645,67.82468777624274,-4419.397039192635
5754.4026,5754.398183092547,0.7176589246625898,0.28234107533741015,-230.11173084437195,3101832889.801214,240.88434156782247,0.7178075663355096,-0.16678775554023514,46.83694723591578,-20.285930546498392,-4247.131659284737
5759.2621,5759.258312407555,0.8843046063397848,0.1156953936602152,-197.15922441482883,1538583639.6503716,510.5199977390225,0.8843716672012694,-0.07883499368896103,23.19305718732867,-10.551266850502703,-2075.6573904483985
5759.5412,5759.530165505087,0.8156604626302947,0.18433953736970532,-574.36143570364,2035998726.9838636,917.14808928594,0.8158810085124608,0.1647291950786071,30.688339637370525,-33.18811601460239,-2437.275513773314
5760.3446,5760.340445238579,0.6232323338280275,0.37676766617197255,-216.23118498821154,4396222207.072454,-339.5457780538337,0.6248369450394257,-0.6528329781395402,66.2450354312197,57.26146468622657,-5195.860612800768
5762.9922,5762.989022937989,0.31797472563866735,0.6820252743613326,-165.27164992957103,4559544847.372687,-584.2843799272232,0.31859314287992274,-0.4129204184275456,68.64294555692891,105.8456913708731,-3620.0922557276513
5769.3228,5769.321116937938,0.8891978931169945,0.11080210688300551,-87.45728569983962,1289856189.342112,395.10700721511586,0.8894487963970155,-0.1392882413850632,19.375899442649946,-5.709163501296894,-1841.6526647664514
5775.0806,5775.075844455762,0.45721071026194743,0.5427892897380526,-246.86690887306585,5422145733.091601,-135.4120136787937,0.45801958862260894,-0.5130085013136426,81.28788163976836,34.472739168550625,-5657.776549286189
5776.2244,5776.216508848078,0.9504445110280154,0.049555488971984585,-409.55954398277396,688538470.4210588,2490.756362631899,0.9504610942245841,0.026176450532970828,10.318374536927944,-10.218957202637933,-926.584345040012
5780.6001,5780.5966125871555,0.4742105403439858,0.5257894596560142,-180.86358691530384,5257980094.500483,1.65832407376789,0.47557581568456375,-0.6550114898097924,78.67624315041385,-0.3958572377803409,-6416.970152884408
5780.8043,5780.790758415143,0.5014587778797079,0.49854122212029206,-702.2664665457905,3469335750.5461497,-176.16467369916631,0.5020045295152997,-0.33667710026249303,51.90890120045715,18.306235212106664,-4164.451157144497
5782.1096,5782.123195882712,0.2407419668677839,0.7592580331322161,704.9231818410698,1169425482.5651834,-8838.203044126567,0.24088319150518406,0.09858617349741464,17.489116720227774,104.27888056481002,1944.981285915423
5784.6584,5784.6558855206895,0.564887990034308,0.435112009965692,-130.31399281374598,4598208152.383718,699.8153764560761,0.5654957667016284,0.4096909097914644,68.70740933721582,-127.49038988968894,-5011.950901503981
5791.5239,5791.522060954215,0.8761588435204694,0.12384115647953065,-95.19637074506696,1290039697.3675914,-1389.6818358646956,0.8768439582882148,-0.22994928723326782,19.230370387179487,19.856042186375547,-1516.9684481483869
5793.9148,5793.911673901841,0.6176268423346355,0.3823731576653645,-161.7525771917882,4068371623.0977383,420.01049198024964,0.6178005787372333,0.20536111177149335,60.596407889451974,-59.61218806053559,-4070.9967886898003
5798.1714,5798.172579993691,0.5280598468622646,0.4719401531377354,61.0111679453208,4373102334.002987,-293.6021610935654,0.5299193980132223,-0.6962657505701085,65.03952622975531,48.04126301262676,-4240.977826198897
5804.035,5804.021745983961,0.5961229469601653,0.4038770530398347,-684.6020133470738,3856812996.5027747,453.4809861219453,0.5966474750509345,0.3469871599687174,57.24539078066959,-57.541139070143664,-3758.064344094002
5805.7571,5805.763850256613,0.7379642566089222,0.2620357433910778,348.5636735108683,2978064733.76631,939.678309456639,0.738879699574564,0.40335707214986916,44.175899801558316,-71.02621477836259,-3246.7143166814094
5806.7249,5806.720244478363,0.5479311754466036,0.45206882455339636,-240.3575679574237,4480670014.098355,159.1029107866895,0.5484231625938992,0.3617107307723911,66.44329459654561,-27.209504850283853,-4669.316009398539
5807.7838,5807.778641055867,0.773527156735479,0.226472843264521,-266.2999511518196,2664290495.1916804,-663.4597342934413,0.7746229314712454,-0.41670726815952874,39.49403160316076,40.09561295898212,-3180.1172858081495
5811.9145,5811.910052628046,0.8150453795684184,0.18495462043158162,-229.4060880631251,2313746181.0824747,1407.9285626883534,0.8157517965895816,0.3121550097822899,34.24900433977495,-64.03312508849665,-2657.529755157774
5814.8075,5814.801477812044,0.6989923016074268,0.30100769839257324,-310.48431608309795,3554507576.6481442,-131.10037821686564,0.6994241161644014,-0.30133142124480083,52.56294190561856,14.051007259906937,-4137.298178775402
5817.0765,5817.068024328549,0.7989064516341311,0.2010935483658689,-436.80745433023907,2040459757.1762166,1013.9160502326063,0.7993458267335718,0.23059814653492466,30.150169173436755,-35.76802330078201,-2072.613986577913
5827.8771,5827.870886608841,0.7137554452470737,0.2862445547529263,-319.62372851108023,3493609270.0562887,955.8309745010666,0.7146803711943936,0.4376500737238119,51.430943597128774,-98.29904513004757,-4199.855411904026
5835.1008,5835.095264156916,0.7861228525371348,0.21387714746286524,-284.41736694898015,2734727049.5831194,36.5741408793354,0.7865367862147877,-0.2577196049349962,40.15948077467869,-2.296188593349066,-3615.3880564258325
5835.5735,5835.564002602801,0.7972079046861901,0.20279209531380993,-487.9122936101632,2471198512.758716,-873.6564688906627,0.7972246526839917,-0.04932188093054541,36.283733213425506,44.777181797666664,-3510.072367450224
5837.7012,5837.69480427744,0.8442265638406075,0.15577343615939254,-328.449388094206,1922101620.907981,1246.9309166800826,0.8443929876138003,0.1372072086050169,28.200939494926562,-38.620707516064215,-2489.554226655684
5838.3718,5838.366285050545,0.6995835103199953,0.3004164896800047,-283.1851600748493,3723573086.9299917,477.5959301788959,0.6996510508676558,0.12153687835706936,54.61943593791531,-55.49523180103543,-4656.661730484901
5844.9188,5844.917096614041,0.9321744870733769,0.06782551292662309,-87.36858135730859,710685266.5568242,6382.439652666716,0.9327250961071337,0.15249062453127002,10.401371430857003,-26.92499156420033,-717.9947975531161
5845.2869,5845.283480297075,0.9208050218106726,0.07919497818932741,-175.3893629465558,939658322.505985,-280.80635966024596,0.9211201707222157,-0.1315954134602367,13.75082682715811,2.0705200280437697,-1014.900497807412
5849.185,5849.177983408455,0.9411260679246837,0.058873932075316326,-359.62637979612475,639038900.4139781,3961.2851828381904,0.9413327052461301,0.08808062370189028,9.33915593856868,-13.482036321973078,-733.165390688058
5849.684,5849.6791104888525,0.8228144515377029,0.17718554846229706,-250.5842307682646,2190539650.9964094,67.004367047542,0.8228649127528209,-0.08036906997088697,32.007889337573516,-2.6789124377043874,-2392.0549457848647
5851.2052,5851.195669940183,0.9481987043262496,0.05180129567375036,-488.282321331968,560898659.5955364,2730.547726872225,0.948214394782052,0.02268644532254192,8.191532587226996,-7.1521071592909555,-512.2012043038808
5853.1483,5853.147485064989,0.5576507766375256,0.4423492233624744,-41.740163994834965,4976866520.142918,-365.399442065126,0.5601457470828687,-0.8529931919752791,72.6351876084845,75.27673347363307,-4941.368640552769
5853.6826,5853.676608610718,0.31875411954206057,0.6812458804579394,-306.845014053322,4940258914.240403,502.45149832332504,0.3202527583203365,0.659186164623154,72.087881576158,-101.96630706124252,-3109.2726654584253
5855.0766,5855.073580419907,0.7560095352632692,0.2439904647367308,-154.6089659034732,2837814603.7138743,-126.59692709289607,0.7564734946466148,-0.27713147139492383,41.38941701437885,8.471170687592611,-3018.4958973480616
5856.088,5856.08435475486,0.6313498648329324,0.36865013516706757,-186.61212064953486,3905382127.508158,489.0030113434248,0.6317936499122476,0.3183238695800443,56.94018723256827,-61.93924852661143,-3855.5506718612883
5858.2654,5858.260378472384,0.7977754345779572,0.2022245654220428,-256.9730123388001,2452898233.835127,691.7579931944439,0.7979286546159521,0.14811773001825565,35.7365146317374,-34.52681650704042,-2709.5753263075258
5858.778,5858.774710613046,0.7997593870524475,0.20024061294755247,-168.3172498094905,2358078852.5206556,895.0610155833581,0.8000067029017515,0.18458643710542572,34.349050090910794,-41.276056235070435,-2461.230145475782
5859.5867,5859.583580411855,0.4519442974734126,0.5480557025265874,-159.60664902449597,4875728438.240556,381.1584067378998,0.4523990931713804,0.35981216142570543,71.00288681186139,-75.11619176099536,-4108.510696426919
5861.1096,5861.1026752361595,0.8665544765494593,0.13344552345054073,-354.1977738736725,1576257792.0263484,1689.8126163390423,0.8668108973003023,0.1537244804603511,22.942386502482428,-34.77798007000724,-1693.7407239025677
5862.3565,5862.356095811107,0.3977742070340779,0.602225792965922,-20.669637170370375,5068368027.590682,-299.89785306236575,0.4003490945089924,-0.8728708793263391,73.73840793550582,63.773809167853656,-4027.1782943417743
5864.2444,5864.239560960278,0.8888308566295042,0.11116914337049577,-247.38184725929614,1325558124.6039987,2236.8928933722173,0.8889111286519006,0.07878702238444181,19.27282479806657,-32.50550613769624,-1601.9047044000408
5871.3037,5871.29890506567,0.9274122752829788,0.07258772471702124,-244.8323613274818,829059666.0355898,2373.8379116589517,0.9274409979445115,0.03719812573370445,12.025064378213187,-13.445264961907862,-918.844290333622
5873.2129,5873.202794630276,0.7541518464638138,0.24584815353618616,-515.8187997389601,2670398459.474001,-753.6328206726658,0.7541520818746337,0.006037008308800586,38.70758530681263,44.24215290607672,-3336.851062822454
5876.2782,5876.269845261975,0.912575128327476,0.087424871672524,-426.23704376722935,1059705351.637453,877.4689981360291,0.9125755572894344,0.005131376147850596,15.344462145424778,-8.099275002518603,-1342.671254327387
5880.0272,5880.021422927615,0.8340667201776157,0.16593327982238426,-294.543319526578,1745188622.5158553,298.0121502449195,0.8340889121411671,-0.04732369168244674,25.23797818475283,-7.44614164520726,-2168.9174389899617
5881.2801,5881.272488539542,0.7977897825115097,0.20221021748849033,-387.98669692558803,2321224155.4278655,-1562.4758537921682,0.7985434173563813,-0.31928930479128315,33.5540141117425,69.02125860433043,-2761.996183373817
5883.817,5883.81357771288,0.4083880661152399,0.5916119338847601,-174.3724979344014,5553811261.717578,-215.40651213877405,0.40981208143165204,-0.6765344391284376,80.21273282573993,54.40184782849867,-4975.398633246109
5891.1759,5891.170920373957,0.7395890182352884,0.26041098176471156,-253.40515316854476,2267343664.608336,1409.3137747564936,0.7399044634723673,0.20350244766885325,32.66510886437569,-59.099911759630814,-2802.6872051675764
5898.2153,5898.208532271372,0.8436779530505137,0.15632204694948626,-343.9877822758985,1772823168.5461612,1637.8470191502906,0.8439842691884124,0.177092387808201,25.479750849921594,-41.84013762817294,-2385.3253552243505
5901.5314,5901.52636331919,0.8700311223565542,0.12996887764344578,-255.85883016630547,1443625832.3749638,2009.4606584737355,0.8700321115391252,0.009057182958730267,20.72506713334854,-33.981695518720144,-1612.8408294361136
5902.4736,5902.472452769304,0.8227332864893684,0.1772667135106316,-58.26897900037172,2045767087.8071878,699.6347592765339,0.8229704599391918,0.16704090150339787,29.360148915906468,-23.748224598329237,-1973.3085642758676
5905.672,5905.668659016375,0.5379148706872553,0.4620851293127447,-169.59995286429782,4574052132.350849,-39.73721729772691,0.5388573089109837,-0.4970582145343413,65.5741938993824,6.73196333557686,-4201.256723684388
5906.843,5906.833490681111,0.82330038221481,0.17669961778519006,-482.63041420347605,2093538538.937737,-1103.3974658124991,0.8247954066083183,-0.42474861030627425,30.001399023099268,39.13623272015705,-2184.1594227912688
5907.8634,5907.859687488692,0.8300394976152639,0.16996050238473615,-188.39008541443803,1922433823.4218843,1025.411846450664,0.8301513715499671,0.11112221991786031,27.53981755259137,-30.652077363024045,-1881.4218669197644
5909.9736,5909.976240224707,0.5239045965669656,0.47609540343303436,133.92943997335937,3767067414.5099325,324.0899721118152,0.5248959085673556,-0.46146885234232277,53.92646184480124,-37.15903907930922,-3330.4979830838347
5916.2474,5916.248347015279,0.3197803034570153,0.6802196965429848,47.98785768674432,5094343422.415967,-115.15013988464696,0.32142316368146584,-0.6917465316918542,72.77218762344643,24.068610557196543,-3076.466201425796
5927.7891,5927.784301847979,0.6205154823430483,0.3794845176569517,-242.66210622326653,4231126123.8183227,107.0411522466766,0.620530508678849,-0.06015138592517798,60.206196394949416,-15.34386759951257,-4270.602415905354
5929.6772,5929.672055815199,0.619746719362056,0.38025328063794395,-260.07955472906883,4312660742.948155,135.06526130583507,0.6197506034527384,-0.03086616924372546,61.32731480659783,-20.095162864027163,-4500.213441673384
5930.1799,5930.179889546206,0.40200244438325056,0.5979975556167494,-0.5284778262868229,4987620098.427091,507.92997168532963,0.40318377556777996,0.5802817906641411,70.91329007397312,-101.04998913841402,-3883.3177368086745
5934.6549,5934.65449788195,0.37200381452637094,0.6279961854736291,-20.313221362501405,5372686446.56593,309.91283865134454,0.372512087332889,0.3941932026803456,76.27296322349491,-71.38147855356482,-4123.292000014509
5940.9915,5940.984619050259,0.73535272853299,0.26464727146700995,-347.22433723857216,3328214781.895788,211.70336778282342,0.7353739812734854,-0.06330005643417304,47.14813229381341,-18.651959960520085,-3811.2341415015435
5943.5784,5943.57689158118,0.6146046911841383,0.3853953088158617,-76.08422999418484,4600180104.278325,30.6345523586925,0.6148736093615511,-0.26458210074294736,65.11020588600611,-5.14952124470759,-5019.811900320322
5947.5115,5947.495646458734,0.8766067291293721,0.1233932708706279,-799.1194475254466,973716730.9458991,-6399.659042913219,0.8766228029882317,0.029690015908058868,13.76367379428271,48.10265018746397,-1220.5213173204554
5952.7184,5952.715524366217,0.451202012007771,0.548797987992229,-144.82346753384908,5589253509.651398,190.34792173584887,0.451204833890825,0.029838036491025805,78.86667938765112,-47.01751501041002,-5305.466466098399
5956.6944,5956.69639640324,0.17410072575334987,0.8258992742466501,100.47630350968794,4353941660.761697,93.52227942054023,0.17445392912345192,0.29448838530369487,61.353830077573996,-13.98985456933558,-678.6391640078923
5963.2386,5963.236239071585,0.8083649822238632,0.19163501777613678,-118.69196924647511,2324674675.33164,-637.6216697151215,0.8090095979822514,-0.2906367201298116,32.686480413417215,27.10133563001238,-2387.694495539193
5969.5622,5969.558136003962,0.9248293923923224,0.07517060760767758,-204.09459198360588,903611562.0727863,-1465.6453303784244,0.9251541233323493,-0.1284561586233775,12.678486470076239,9.382426922146111,-873.9800890654082
5976.4391,5976.43906065964,0.8986377100986789,0.10136228990132112,-1.9734063971085487,1083769767.1291516,710.020696173323,0.8986918442722089,-0.057285920250658234,15.171273756887198,-6.515787112092306,-1025.0831465373851
5976.7771,5976.77493300742,0.41966953266437246,0.5803304673356275,-108.6953756435151,5203933407.167897,16.00304239513366,0.4198051954796846,-0.19879640189573428,72.83966351039483,-3.3854360318811687,-3974.6834268496455
5983.681,5983.678030816126,0.47257966304802135,0.5274203369519787,-148.76109400097036,5001930195.445691,84.61572810669273,0.47259303412756803,-0.06111866584562242,69.85076984348768,-16.48052337250645,-4277.273419371394
5984.8151,5984.8142394407405,0.4494641921049873,0.5505358078950127,-43.107292588329955,4763431078.893347,288.75290181293497,0.4498772802667204,0.33172706114332023,66.49493106799478,-50.97572431715997,-3899.951307860427
5987.0649,5987.061674960758,0.5119434558195964,0.48805654418040356,-161.48855203009143,4547103658.75691,332.17821480292054,0.5129480420206076,0.5054336793623719,63.42747095642974,-53.376360982151134,-4137.943189696058
5997.7778,5997.772420528962,0.5924594194655157,0.4075405805344843,-268.8870609824386,3702836828.107535,-176.62985971481945,0.5929248383529522,-0.3095960661943229,51.46649742301665,18.7202923139362,-4098.6637377920015
6003.0123,6003.01036175713,0.34715010792899964,0.6528498920710004,-96.79650234818178,5411331667.279858,412.8872331678235,0.34860914258989667,0.6634317052381515,75.08202401613354,-93.2141370081292,-3887.9122939864233
6005.5413,6005.538158653336,0.5043470237793077,0.49565297622069227,-156.81384754545056,5431765202.811701,58.57464760810884,0.5043615220636781,-0.06608031593695253,75.30210754382374,-13.307153627038208,-5254.0730519972485
6007.9601,6007.956837602738,0.5242516598709396,0.4757483401290604,-162.79104352726958,5015379345.751323,-354.1317010644951,0.5262759853758555,-0.7512653522490789,69.47366074377416,68.50799689173789,-4842.79277464244
6008.5566,6008.555971227206,0.33392287498151935,0.6660771250184807,-31.372150405219635,5236528174.045281,236.00331597683052,0.33392292062843004,0.003638949555887843,72.52257680742787,-49.75582850339998,-3442.9861824861937
6012.2099,6012.211874321351,0.493359540730225,0.5066404592697751,98.44743625205798,5232092825.73439,231.066859439725,0.4934028327716787,-0.111918478353577,72.37305256712571,-48.54393895317987,-4423.715420585335
6015.2443,6015.239897547307,0.7520847791576375,0.2479152208423625,-219.41288638076753,3249880273.0041413,184.9710849414389,0.7522084383720958,-0.14898377159015622,44.90880110826658,-14.970248568282575,-3731.3168424689457
6019.3659,6019.3618138380825,0.8675536738760383,0.13244632612396168,-203.5098954460623,1510282832.3051715,-1173.3682166074957,0.8682914407872577,-0.24842214261056236,20.841424161834148,20.46674819924163,-1437.1484513958624
6021.7912,6021.7920769992015,0.2849350044907027,0.7150649955092974,43.66105327446721,3707747036.0765114,-157.9556076368915,0.2850066981123637,-0.12110496457472218,51.12444293752576,16.58545059545408,-1006.0356537704421
6024.058,6024.0591078971975,0.34853602414296125,0.6514639758570387,55.135462514005496,4638498217.371997,480.29648887075035,0.3504795736652375,0.7068164637671244,63.91001939828849,-78.8398569815821,-2671.414513015864
6027.0509,6027.050052980769,0.44942651757521007,0.5505734824247899,-42.13171277332003,4910197830.265985,184.6577503210373,0.44943074402298344,-0.03380021536196468,67.5864130320094,-33.915672056269734,-3617.580710402835
6034.0355,6034.028660486259,0.8705594510207555,0.1294405489792445,-339.81149697549097,1500813494.9587371,2144.7272544359957,0.8708599090117616,0.15783375708649258,20.61018989064731,-36.673530295459116,-1501.8634750334147
6054.0741,6054.067171654405,0.8647611137736655,0.1352388862263345,-343.08561829649597,1725952771.8874667,4.664535468033106,0.8649291030461171,-0.12574586769820537,23.545311557745325,-0.10444167078260642,-1922.5804349383
6056.0047,6056.001606438183,0.48246611348307666,0.5175338865169233,-153.1416415650631,5031128898.173419,-296.2031485483359,0.4838673283401178,-0.6207893583044102,68.59042361861626,56.3004563704786,-4242.969851466119
6060.6243,6060.618931952033,0.8370031816915181,0.1629968183084819,-265.5337495369172,2187370780.516508,1016.3650293452458,0.8370271453047208,0.053451419021478194,29.775458277072435,-36.432828834214455,-2422.9567720255927
6062.8484,6062.845144989615,0.4718260438381324,0.5281739561618676,-160.95199810348845,5474945296.43037,-94.89225196257235,0.4725751835583458,-0.47244992276964437,74.47265499829223,21.28679098575183,-5144.581222637598
6078.4911,6078.490308089764,0.4920741677578568,0.5079258322421432,-39.05717921752327,4501689581.831948,520.998230055171,0.493254270004814,0.5374943738078869,60.91918600595883,-78.40602787735814,-3158.8188694652927
6079.0093,6079.004878570532,0.614915821378992,0.38508417862100797,-218.0472413425364,4058873664.4052896,178.07317472866097,0.6149175288920342,-0.01936652464174493,54.91747414985249,-21.78017649230718,-3316.8844376236557
6082.7106,6082.710181275022,0.4001929838845852,0.5998070161154148,-20.637278158858297,5197069959.119708,341.24081542026255,0.4006096215605133,0.34247234969077356,70.23188396697903,-68.30240960938424,-3502.2759877018243
6085.259,6085.23505248427,0.266907971352631,0.733092028647369,-1179.7829153300604,4258135232.022535,207.43320737742886,0.2670161409339296,0.15777418412326816,57.49561684735678,-27.837767861953395,-1140.2885373242582
6093.6444,6093.638492032344,0.7039930981987965,0.2960069018012035,-290.65761456245946,3256798013.291707,828.4664620467582,0.7046678617338468,0.34486657532051457,43.85382275027179,-64.77028746157322,-2771.561323808758
6094.3736,6094.367959263407,0.7981657714392745,0.20183422856072553,-277.47729284017737,2349214799.568209,-1063.2184960850589,0.7997739506181941,-0.4524302592927667,31.625353481236374,43.23458201849982,-2216.5151852001823
6096.6653,6096.661056883617,0.5853458345921824,0.41465416540781763,-208.64755196716965,4395019886.718995,193.98591915204008,0.5853506328339453,0.03368776635147804,59.121677291900156,-27.578144573385433,-3582.338880209637
6098.2447,6098.239511779027,0.8011704952846248,0.1988295047153752,-255.0552814099383,2229916211.1036024,-21.110932089856608,0.8017666557921733,-0.2672163743057686,29.981240214926434,0.7720054514796081,-2064.68661188849
6100.2716,6100.266622919238,0.8856038644584945,0.11439613554150552,-244.59423663204925,1200726207.9603508,1308.3572331917956,0.8856296512273443,-0.04076851762586952,16.13304555949833,-13.858530117840894,-1183.672225491843
6102.1777,6102.173462059363,0.46227204035694885,0.5377279596430511,-208.20479226099354,4652118035.265927,298.4081715742068,0.4625346011789213,0.25630711083894164,62.46714133324476,-47.40321712377202,-3252.744923548297
6105.1314,6105.120111232324,0.8471646512685214,0.15283534873147864,-554.3349008626553,1661250779.4297097,2944.0511035849313,0.8479662484687414,0.26910390125247374,22.285212355539514,-59.55008741485179,-1524.950016676348
6120.2494,6120.242930464788,0.5340477950589343,0.4659522049410657,-316.9017692890463,5514665862.597981,430.8919944874473,0.5346248664601192,0.41284870542288754,73.6125539940725,-95.33451266043559,-4969.939179839251
6127.9066,6127.90278889989,0.5292916517399371,0.4707083482600629,-186.44851241368718,4972929935.445546,-179.16250947747577,0.5303714311198523,-0.535017455633166,66.21533954613247,32.11334297030178,-4376.993185767765
6136.6153,6136.623707247693,0.16321397807724125,0.8367860219227587,410.71980687572744,2096353985.3006418,-1548.668531527417,0.1638191854245483,0.2585829460367061,27.83400082201169,49.11888858199001,777.1677347472229
6136.9947,6136.994320879999,0.27375999538584944,0.7262400046141506,-18.52002856289964,4642543857.014651,-158.72755846216867,0.2752664191203364,-0.6097938987486043,61.633180095657266,24.68576006161243,-1829.0960223576312
6137.6917,6137.6980117310995,0.17473123663564627,0.8252687633643537,308.29332474838,2298326380.9357758,-1012.4215477935563,0.1747366981622213,0.025808159301279922,30.504975016698452,38.576030486870444,737.4085766109641
6141.732,6141.72059940634,0.23583717554658343,0.7641628244534165,-556.4899276079027,2795792645.2538414,170.06205928901133,0.23644987612166088,-0.3012118157100884,37.059098576035296,-9.569659484556277,-12.984456843133387
6151.6181,6151.617318498235,0.33394143770080387,0.6660585622991961,-38.0856436548891,5121671743.244059,388.79204944353836,0.3355704799364048,0.665466732195252,67.67108236065637,-73.0671595381748,-2817.6008513491843
6157.7284,6157.727961826101,0.460909648925886,0.5390903510741141,-21.33274183210758,4336995953.850998,503.78567226051865,0.46110135754065673,0.20962456779920055,57.18972709716954,-67.6879952481228,-2922.0392627962415
6163.5445,6163.534762601435,0.38470830670302586,0.6152916932969741,-473.62335912214616,3585417702.6287136,-1698.5081853775534,0.385725786266845,-0.4412437006827517,47.19000933391685,155.52740046894698,-3183.664693776965
6165.3603,6165.356814513928,0.5622816244504583,0.43771837554954174,-169.48278545124737,4523637581.236671,-40.12839986622935,0.5624344644334419,-0.19073017249358226,59.50334434342763,5.843890940780492,-3621.882866495477
6173.3356,6173.335301255351,0.27037391355296975,0.7296260864470303,-14.507779688151354,4696232857.175201,298.40472573954906,0.2713688515686386,0.4958182079564985,61.614069617689346,-46.65461880500494,-1839.7595038718396
6180.2042,6180.200938397589,0.36435158314782956,0.6356484168521704,-158.21545245891605,5234252336.131331,-150.53603670598974,0.36591088427228735,-0.6540486910644914,68.52033358194075,29.140117819561336,-3259.8807205108565
6187.9904,6187.985665442644,0.5208776790859295,0.4791223209140705,-229.37730918537812,4913838046.964475,499.1503459813079,0.5219821439829326,0.5335852229135019,64.16412039419625,-84.83488164103649,-4037.0460027453946
6200.3129,6200.3137796982965,0.2934716318643195,0.7065283681356804,42.53445251504398,4467714609.709906,328.9397275467282,0.2951232295364601,0.6206342164290487,58.106951421461254,-45.940473928201946,-1630.1174134525415
6213.4303,6213.4325304965405,0.23311190752104194,0.7668880924789581,107.61946431404519,3986443729.0751295,320.5206841142298,0.2347749525780324,0.5869774267719721,51.628852054805044,-35.414562269785236,-1106.4012475895408
6219.281,6219.283709306363,0.21591390530498955,0.7840860946950104,130.5986357506474,3661528883.848109,-199.0845563871911,0.21708934803388924,-0.4721276974570526,47.3316594582785,18.505068439931826,-610.7480717496643
6232.6412,6232.639019207577,0.3670294282075437,0.6329705717924563,-104.8969610056605,4549951677.950202,491.8426742503502,0.36913526540304403,0.7043507975497244,58.564284292347786,-70.14119400100456,-2417.2704896396676
6240.6462,6240.6440551462765,0.3467462556656511,0.6532537443343489,-103.03595961822167,5339639086.665982,166.30822317962088,0.3467662509852199,0.07405571777612023,68.55246608217226,-32.538579844487636,-2993.368937445731
6246.3188,6246.316549681502,0.2962843418655833,0.7037156581344167,-108.00417581413512,4215854804.9438915,411.3553045503691,0.29795815758077415,0.6027141371121338,54.02660411779231,-50.03405772954712,-1537.5743909777198
6252.5554,6252.56052883527,0.1833296232881929,0.8166703767118071,245.91323608026624,2387555531.400819,-415.56445773363845,0.18356616710662474,-0.17011885915602332,30.535685675599044,16.16296180482832,794.2989179480408
6254.2585,6254.254698998116,0.21731751365940932,0.7826824863405907,-182.19772939680286,3600916542.321068,-639.9503374333142,0.21748113752303436,0.17336121334577098,46.02904170115474,56.57114840634558,-751.0403618184718
6256.3615,6256.355068204778,0.2223777745561325,0.7776222254438675,-308.19889466726397,2812843387.2582264,-854.9890929786015,0.22237780365330795,0.002044955585090251,35.93128755679299,46.07197347245807,342.55791506225967
6265.134,6265.135023151194,0.22456889903036448,0.7754311009696355,48.95873119649132,3665153972.362666,-135.17915146535947,0.22483486348150042,-0.2229286330478297,46.687579432011674,12.315503159221365,-500.1817583006166
6270.225,6270.223853729172,0.41050198854876085,0.5894980114512391,-54.80558497804628,4916532780.069399,301.8904384776296,0.4105865472068864,0.1454874375505482,62.52631751065614,-49.37048573919573,-3017.916274763003
6280.6182,6280.616538828987,0.1580260170199094,0.8419739829800906,-79.29259909548387,3431700543.6451426,618.9934328595905,0.15808904901599372,-0.10465378682238466,43.49855507126111,-49.07352720301368,330.8882291157549
6290.9656,6290.96615310707,0.5617115080944822,0.4382884919055178,26.358008985970784,3617022521.8693743,531.3460259043354,0.5622234079527564,-0.30527075656462005,45.69687694194919,-46.56687756495261,-2534.463401588913
6297.7931,6297.792985926473,0.26301367922100527,0.7369863207789947,-5.430216968301033,4262461604.8258376,459.09404423156235,0.2651805907367539,0.6843386845073013,53.734563156572605,-55.69379058714333,-1402.4679406162008
6301.5012,6301.499420068692,0.3044978259449577,0.6955021740550422,-84.67981910111685,4244268706.126013,-26.390770050104567,0.30473061902465703,-0.22307882299493123,53.442291864564964,3.1686582742642346,-1474.1843495445123
6302.4936,6302.490140616991,0.37298186952175544,0.6270181304782445,-164.553429350979,4798823762.910004,-445.7036682049774,0.3730371775691142,0.11553587880636233,60.40605241559005,68.37991969366162,-3626.8903430662986
6311.5003,6311.494039170086,0.5258351270450923,0.4741648729549077,-297.3856452238379,4933403851.9523535,395.27812591673944,0.526243321460748,0.3183275891352274,61.923047276665685,-63.81883782796802,-3842.799329332346
6315.8115,6315.804272938785,0.5849674920873841,0.4150325079126159,-343.0467241800497,4375826962.103032,351.6319742087894,0.5850777884839128,0.15563939978492106,54.84951841370855,-44.57300888626237,-3453.9086058212206
6318.0175,6318.022602522477,0.22498604700398944,0.7750139529960105,242.11673290396382,2964398673.160252,-231.85801650336435,0.22599137001572328,0.3860648162308833,37.13165135740414,13.474141763888744,102.05917323680603
6322.6855,6322.686528417908,0.2945372686568488,0.7054627313431512,48.76281332466907,4363292586.569856,-16.403372148428307,0.29495152749297204,-0.30070500366132163,54.573403478351416,2.060659142120225,-1269.2225288059758
6330.8495,6330.84256036997,0.7173828812012616,0.2826171187987384,-328.62078690303446,3066198994.119282,98.35515111724365,0.7175678494620218,-0.16817710294416857,38.25139820019941,-6.07802588169742,-2162.825740697561
6335.3308,6335.33346816218,0.2077011083021772,0.7922988916978229,126.25937360146169,3246792084.046815,-104.22326590357497,0.20842510611449508,-0.3423492571447694,40.4469263186574,7.20633584038002,-370.50185479416706
6336.8243,6336.823167713465,0.334031175153087,0.665968824846913,-53.56799358183169,4352372171.208284,102.09789144694727,0.33405390546372954,-0.07018965007797663,54.19420539293227,-12.676616725537315,-1860.847495047215
6338.8775,6338.871550532133,0.6724886591064555,0.3275113408935445,-281.37562137921566,3247045989.1350355,104.606224596613,0.6733564462298122,-0.3741012141898681,40.40494698342181,-7.221839871378861,-2451.2720328077635
6344.1491,6344.149201806729,0.3429454834605672,0.6570545165394328,4.810872069966492,4329104214.882829,-223.87069983560576,0.3436657823968841,-0.3939092683418164,53.780058306264195,27.404537392303414,-1948.7197167564202
6355.029,6355.031237339203,0.3547736230638542,0.6452263769361458,105.54435216276464,4187636209.735239,650.1130373421818,0.3559088667603003,-0.48332840127512056,51.84460518535006,-74.08375739157391,-2333.4884032048117
6362.8763,6362.8605614711105,0.4092392167297166,0.5907607832702835,-741.5344945589551,4988180378.696256,-187.25268480515336,0.4105416633882013,-0.5668606663676223,61.603777272286294,30.16507684715329,-3033.1249395886953
6380.7433,6380.73738523626,0.5448466915348177,0.4551533084651823,-277.89890249803767,4439138721.934043,793.0050222716995,0.5460768050783047,0.5198244848240068,54.51637623448271,-100.32520624999721,-3282.3739986028295
6385.7185,6385.708898093131,0.875020975919856,0.12497902408014405,-450.78392692476774,1432367143.0503473,2585.216425580248,0.875404740788608,0.16482649199889018,17.563300061890306,-33.972503991069345,-1066.7485864931375
6392.5388,6392.534914280936,0.547351601695246,0.452648398304754,-182.22951877212756,4634275587.805568,653.5404572243565,0.5485609474216616,0.5253441254537786,56.702948641411844,-89.61199913021923,-2939.9558285237845
6393.6013,6393.608798089747,0.19337655581893773,0.8066234441810622,351.58131545918974,2272624148.1201377,-467.17415609630564,0.19363043830779086,0.16788156049639433,27.797484817642143,15.397321063180318,252.85879545947364
6400.0012,6400.0024221029835,0.2585823190532808,0.7414176809467192,57.246435740503316,3251658091.5281143,-160.1859029791802,0.2601592822367059,-0.5006345232955287,39.69306189362973,10.775636371706351,-684.1061304735888
6400.318,6400.3178162581335,0.19001673747823775,0.8099832625217622,-8.606513906066445,4024328277.990712,80.11895914179041,0.19071117178150543,0.36945044977799657,49.12022242690781,-8.254044020263267,-907.5326381439511
6408.0184,6408.016421831279,0.36453287212917374,0.6354671278708263,-92.54656058520601,4431312483.641588,-179.27177227454328,0.36587782090363846,-0.5390895459108701,53.95791362412132,22.31285369899592,-1970.5114042360715
6411.6493,6411.648895801911,0.29768058650407603,0.702319413495924,-18.89927739499189,3892101606.525567,-124.82590797844028,0.2986992517402377,-0.43933538407132977,47.3385236329078,11.965013067832826,-1129.1083331791094
6419.6454,6419.637003041359,0.8053267736896687,0.19467322631033135,-392.1314518060998,2119031292.7343893,433.6158924517787,0.8053470694447282,-0.04567440751767336,25.709073813140964,-12.274330639405605,-1606.9971993446338
6419.9496,6419.945968725418,0.47475477701566776,0.5252452229843323,-169.5696695903945,4252582325.9745235,764.7599598259529,0.476136393237792,0.535942463159634,51.58934194978925,-87.17376109359198,-2406.395929702192
6430.8464,6430.849286466234,0.1782553125089328,0.8217446874910672,134.56095096562376,2520623799.9450836,-409.20625534086656,0.17834344752064143,-0.10369983319430381,30.474835764510804,16.304317946892287,282.22838928936704
6436.4072,6436.396685891682,0.8475012732813022,0.1524987267186978,-489.72202632541354,1867060500.0921836,445.89276205147956,0.8475584661579704,0.07181788263721302,22.53423350501303,-9.722279418319628,-1593.281988654022
6464.6642,6464.663061440532,0.5719267044181175,0.42807329558188245,-52.7995779728545,4248264121.2676263,686.7970267949293,0.5730985519213988,0.48958386684791816,50.826443922645396,-76.51790028245374,-2481.3048452732314
6475.6244,6475.623419653237,0.36941368340688074,0.6305863165931193,-45.385672109931456,4795328333.675217,-319.9559777883792,0.37221203264035335,-0.80146822677478,57.17750264591298,45.18886898693353,-2181.649046560084
6481.8703,6481.870072172414,0.31678957831473936,0.6832104216852606,-10.537235179200108,4551900401.3007,430.8318777815654,0.31773007878877657,0.4522550594833641,54.17040870888462,-54.66906780791364,-1681.7149864866399
6494.4999,6494.490201368145,0.7351417154641651,0.26485828453583493,-447.6983182373563,2593839066.4125266,174.2897832311365,0.7354286996817444,-0.18774894055969507,30.748426723374745,-7.139570517005747,-2097.0131062598266
6494.9805,6494.989142145918,0.16322007293967558,0.8367799270603244,398.90037656193823,1707435805.9327276,-1075.8800644175933,0.16346533789692527,-0.14116042519272362,20.237531146104537,19.092668967263215,592.9857560408562
6495.7422,6495.732290443246,0.6960633249528754,0.3039366750471246,-457.34733391003965,3232876176.5467277,823.6835982031473,0.697459308261604,0.46390651219130774,38.30917851714986,-52.38458495778297,-2305.4900902105146
6496.4666,6496.462207198297,0.5634215655367316,0.4365784344632684,-202.71462952786092,4333479605.764635,214.03889609300268,0.5634275518106489,-0.0350588781025267,51.339652971071104,-24.450332471610437,-2873.1193557012493
6498.9392,6498.937805290764,0.23530207515713844,0.7646979248428616,-64.33716289586123,4718182351.972545,108.51681851297447,0.23530257012922076,0.010516123127064554,55.85473100034448,-14.67805988793348,-1144.2764996324806
6504.1835,6504.161979168287,0.5994216272147552,0.4005783727852448,-991.9435756208956,4097514864.964656,494.3474897795355,0.599978794241683,0.3290071416828636,48.42926137482924,-50.309345234115526,-2607.60968496821
6509.6168,6509.6057209632645,0.9275903563221048,0.07240964367789515,-510.23151702915646,868657700.9111694,3495.6488314760545,0.9277398030966982,0.07846024534951741,10.24965645686251,-15.94815299043615,-853.200080934723
6518.3671,6518.3635476634,0.3906357510176788,0.6093642489823212,-163.37891143024308,5134000969.453957,219.93738233845392,0.39076393387298886,0.1760686955596185,60.41555833357573,-34.90957085216922,-2601.9714483838275
6533.9294,6533.923777233701,0.6733965716908249,0.3266034283091751,-257.98609478884094,3309782844.005857,1004.0907834802284,0.6745494685145538,0.4244351604322798,38.7633566641811,-65.76564618482935,-1919.6842022293804
6538.4939,6538.495917303325,0.9345300565204574,0.0654699434795426,92.49413265841108,438036156.3570757,20273.1378655833,0.9347155974321797,0.062425502414977914,5.122998751535249,-23.209010418234655,-269.2803084118365
6546.2395,6546.246245148983,0.24078470269867863,0.7592152973013213,308.90174324049303,3073710852.918143,10.886937284522716,0.2409831226002224,0.16871388814528923,35.86314228877141,-0.6115106573075693,-138.961310840791
6551.678,6551.671655960457,0.5669706625776889,0.4330293374223111,-290.2913128639377,4516614342.402628,261.6475045311425,0.5678782209942415,0.43736134987872377,52.61126755274926,-31.65450630437643,-2928.9419031112657
6556.788,6556.783515271504,0.8475786609277886,0.15242133907221145,-205.05280620151723,1768381308.1337647,359.5842527232847,0.8476949441097542,-0.097753495300475,20.566681872185196,-6.653179838629998,-1186.495677465383
6569.2155,6569.210707042109,0.48324735707429045,0.5167526429257095,-218.7312362250484,4686308441.990908,-187.69339190648947,0.48440988621102965,-0.5027228107856931,54.29683183362958,24.250486013751495,-2794.0502937715605
6575.0158,6575.018219757058,0.3381801390302861,0.6618198609697139,110.3305206159763,4584325706.9860735,252.07654307828852,0.33852988274687157,-0.27211470200652427,53.0214437121383,-31.084349655745253,-1882.210613336917
6581.2101,6581.203588519441,0.43384044791032567,0.5661595520896743,-296.61608312658325,5474463084.008693,407.340048539367,0.4355574546957327,0.6602934005149467,63.19764342454077,-71.42882363432962,-3262.64050823988
6591.3129,6591.303109695355,0.877950628793235,0.12204937120676496,-445.292089560738,1560751302.6565106,353.9292245376603,0.8782057219812192,-0.13523246034177028,17.96226680765537,-5.021336047341963,-1446.5292614084358
6592.9138,6592.9146951884195,0.23047496586990202,0.769525034130098,40.70593742265919,3229859833.5840964,-127.7144816546084,0.23155415608312982,-0.40072181492387215,37.153417424811174,7.753975567913591,122.4571630898771
6593.8705,6593.873069322799,0.2609560152873771,0.7390439847126229,116.81509324527876,3815366224.3830557,15.652332247011293,0.26100633643897925,-0.09397430413867977,43.875802155692334,-1.3254979869442125,-294.50830855723274
6597.5611,6597.552197050564,0.6613303158008593,0.3386696841991407,-404.54905294677934,3938686215.1646953,91.63413927158103,0.6615015789847561,-0.17599872619760296,45.24345035747462,-8.255832399581434,-2923.329595730167
6604.589,6604.584552959645,0.5320028048136203,0.4679971951863797,-201.85800489798032,4053186537.5979114,-449.71136849289735,0.5343664662678963,-0.6641900580573157,46.459612896425526,42.770057832611485,-2063.687453620828
6608.026,6608.0224846430265,0.555512258525057,0.44448774147494297,-159.48446749347042,4483541537.726145,630.7909638121126,0.5575280239994989,0.6456407444249224,51.33909135252312,-73.29302116790866,-2499.336562030289
6609.1103,6609.11103025229,0.34664306182911975,0.6533569381708803,33.12459907977203,4451519254.275379,186.98418718870647,0.3469344036230097,0.24378516785983054,50.95562874280301,-21.406297207121785,-1566.337888328765
6613.8254,6613.817332635862,0.5359205366872211,0.46407946331277894,-365.6786773428037,4399997918.053956,-545.4745787918661,0.5366616006896289,-0.38686224158865296,50.294220725863205,60.87965338996808,-2610.3754433277973
6625.022,6625.015800972672,0.4037604152717843,0.5962395847282157,-280.5155424178444,5016819973.683693,-227.72717404189325,0.40402027506539856,0.2435533617210106,57.1511119175391,32.87459692687571,-2937.5426494782587
6627.5448,6627.538527591529,0.7359504799723455,0.26404952002765447,-283.7281089513338,2951596264.8472633,-235.39937692117476,0.7371196124111515,-0.3963980116860554,33.59869692571734,11.749292921319688,-1953.5133996304405
6633.4125,6633.399982726466,0.7690053931501585,0.23099460684984152,-565.7094595431658,2402731970.1638417,-1358.1330402446952,0.7697662271734983,-0.28924133721690054,27.30253426121415,44.80161960580886,-1745.296019742785
6633.7497,6633.743629333243,0.5331213716695056,0.4668786283304944,-274.34561012584015,4678644253.741646,36.12024500252758,0.5332709998024275,-0.17834488646709792,53.15849312309602,-4.517144534735301,-2722.490558989935
6634.1071,6634.103436136224,0.7294826260402891,0.27051737395971087,-165.5684345377239,2658861332.6440682,911.8911955261603,0.7295061250129196,-0.05325509971992124,30.206556234760694,-36.824510674459894,-1787.725596452842
6646.9318,6646.926254350522,0.6847297374104265,0.31527026258957347,-250.1220019011891,3646882831.3918066,-344.2640319793906,0.6860471762410637,-0.4667069772296556,41.27148482765083,26.002912323776975,-2672.1284692900194
6648.081,6648.078999669156,0.5617336094682713,0.43826639053172867,-90.20409057979994,4702694770.341088,149.7665761445734,0.5622306297544392,-0.32495827317131476,53.20157051192129,-18.800494455511878,-3047.952197780402
6653.8527,6653.842372447468,0.8456657017858493,0.15433429821415068,-465.3127290983761,2016472965.4206078,1706.9383463546121,0.846075777244496,0.19386401830492392,22.772850311955917,-39.294739951667566,-1483.2130299245412
6663.4421,6663.440063119005,0.26754261668589185,0.7324573833141081,-91.64055921016474,4446516992.468965,122.82177650180981,0.26904024588605635,0.5478949230847737,50.07177296420671,-13.68891736653313,-1202.288429272404
6667.4191,6667.411581750963,0.7552194577887584,0.24478054221124157,-338.0489999107631,3054957796.5701838,1076.3354647631036,0.7557409606383991,0.26844667886125295,34.36059606452095,-56.52435122589451,-2246.7640299997133
6667.7113,6667.718003460021,0.8206804961854254,0.17931950381457462,301.39978566341324,2231817546.935769,102.82459931032,0.8207811483074547,-0.10050127008692274,25.100030203223277,-2.8815889540738957,-1643.4952587741575
6677.987,6677.9892240502795,0.21326363083476413,0.7867363691652358,99.84348576721649,2884949555.0927615,-125.01754709863165,0.2132942542443435,0.06293991886580913,32.3457183178163,5.8271953910265175,-144.03863866864685
6692.2724,6692.264040558583,0.9539725472419174,0.04602745275808262,-374.4763124092498,588937174.9999814,2453.8479715552558,0.9539842826683271,-0.01755870199954193,6.574955806342162,-4.736043567265373,-409.435238912866
6699.1418,6699.132087600428,0.8988178055528586,0.10118219444714138,-434.63838021198455,1154695822.7701871,2772.586831284901,0.8992214184118233,0.14462608036384175,12.864725301541132,-20.50756157763117,-744.0337465538992
6703.5674,6703.56268381146,0.48936553185851905,0.510634468141481,-210.91422973652908,5049997692.188319,68.95013091812062,0.48942651781199253,-0.11706295563186418,56.18881000647579,-9.735308797276938,-2651.864204418448
6704.4809,6704.473665013987,0.9060270758918163,0.0939729241081837,-323.51412029651544,1277888223.1236281,-686.2903040926615,0.9063895104050116,-0.1435919542399341,14.214562377473992,6.202243783286067,-923.7426291392887
6705.1024,6705.096089833399,0.6397232979626211,0.36027670203737894,-282.13444670172476,3793087289.059417,-288.5059655169598,0.6411294982464203,-0.48744812520576586,42.18449256136601,22.965439179335963,-2237.722851876838
6707.4332,6707.436465276606,0.9164169031761691,0.08358309682383092,145.94335426368065,627423673.547674,14166.00407311805,0.9164169179926424,-0.0006427869144233887,6.972969575928821,-30.82114462169499,-311.5455752536708
6710.3195,6710.314116962891,0.47581761427580166,0.5241823857241983,-240.49434999128817,5391570850.665549,191.86264086263998,0.47585812387513543,0.09851293314151471,59.86867135725812,-30.785187380530385,-2990.993072232983
6713.7448,6713.734295125488,0.8084003926585345,0.19159960734146553,-469.07981237722936,2359260376.0079255,587.654339696645,0.8084055834235228,0.023314083909028088,26.170834986860296,-18.02729427468118,-1644.2738094365825
6715.3832,6715.376607252705,0.7506040092154801,0.2493959907845199,-294.3176670222155,2525145198.3807006,1342.1207061243845,0.7509084655379185,0.18510065627444777,27.997265314031672,-47.13054574386609,-1683.5423906378965
6725.3572,6725.3469423177785,0.7680734266236656,0.23192657337633438,-457.2509199486861,2917705710.900617,1112.102162942179,0.7686986509096054,0.28485128675381016,32.253890197155044,-51.907830490837426,-1926.0532244615504
6726.6668,6726.660026681295,0.6331843838056379,0.3668156161943621,-301.8716288205718,4171592928.1872597,425.9049130058285,0.6332691211386022,0.1250662020744968,46.09703264629579,-40.613214133881115,-2656.7453706313195
6730.2924,6730.2818793738425,0.950642424320911,0.04935757567908905,-468.628135019799,721861911.4922777,1596.414889572937,0.9506494045445607,-0.014911209436017273,7.968152252902064,-4.550965718079415,-604.0118516214094
6732.0649,6732.0483210065095,0.9011480290732338,0.09885197092676623,-738.2960924492272,1248867310.9302638,-1919.8136431194005,0.9013515434226855,-0.10609499761555272,13.778179973322567,16.3681387397573,-933.2405583560289
6733.1513,6733.142841425719,0.7484279653699517,0.2515720346300483,-376.616633440169,3181240241.5714912,226.47561349408903,0.7484977963184829,-0.09896515260677845,35.08575414700627,-12.523052383416724,-2241.0868791976022
6737.987,6737.975630730882,0.7769873484035903,0.2230126515964097,-505.8515450786541,2765059715.666121,-747.9938983426692,0.7780584616521409,-0.36185658711433283,30.451987823256843,31.1794233453532,-2135.89302855446
6739.5219,6739.516020107192,0.5277390405858754,0.4722609594141246,-261.5537932383627,5536107686.176752,162.69850379024342,0.5277621321507517,-0.07501548932272221,60.942057642952825,-27.167882424379158,-3462.736722595582
6745.1013,6745.095103337558,0.9004645668264298,0.09953543317357016,-275.41657010429395,1318974202.9030926,-59.43759869091561,0.9007490422510822,-0.12834792134136022,14.495398222902834,0.5619774993355188,-1071.2361808545297
6745.9565,6745.95113505802,0.9047221870083882,0.09527781299161175,-238.41973238158815,1237169007.7462237,137.16748271872444,0.9050032759097053,-0.1235161982951822,13.5929166632802,-1.140588427602096,-907.8627868853565
6746.9549,6746.948646360555,0.8193933074252949,0.18060669257470507,-277.8726059770302,2263891360.522058,1575.7299166203588,0.8197786100496098,0.19634796257091702,24.866277577525732,-43.855092609364874,-1544.9886347479016
6750.1525,6750.152852880307,0.3041876658408789,0.6958123341591211,15.672365132618022,4491079827.91653,432.2642726666765,0.30523606615424514,0.4554935896549469,49.28259462252018,-47.27802987425303,-1229.3450251060588
6752.7071,6752.704531613928,0.6995548138840189,0.30044518611598114,-114.02579173094078,2769254147.6144857,1973.378492141899,0.6998235551478612,0.1813449968122354,30.365282403437035,-81.9694610490213,-1734.0451758505844
6753.4639,6753.452676039905,0.9252679644241255,0.07473203557587449,-498.2418852248649,887946862.4711043,-1871.110816508212,0.9255349586404658,-0.10209785655146905,9.734311943973788,7.988131065049697,-570.4040653318808
6777.4094,6777.3951134803065,0.8878926449887536,0.11210735501124636,-631.9510305893527,1030010662.6852764,-949.2237686608036,0.8882364542815347,-0.12424498202442001,11.21207810616346,5.395266870270809,-558.2338045433473
6783.7039,6783.690801864225,0.6714824285245675,0.3285175714754325,-578.8463613895589,3041325999.8681107,-1390.7342966052504,0.6722432035123034,-0.31846627069310257,33.044629706193724,68.72603381392814,-1947.2189841871987
6786.4268,6786.409863158755,0.8812812400176012,0.11871875998239878,-748.1900884399599,1294113580.862647,-1123.8490699962233,0.8812814367161634,-0.003324909883682261,14.049544002225876,10.043424660489752,-874.2827618512331
6786.8604,6786.8523916614695,0.7143063133500716,0.28569368664992845,-353.7481767610319,3408689216.4377437,551.1677116209632,0.7143967445514189,0.11576616305521709,37.001608483135776,-34.166671448803434,-2150.9739758201167
6793.2592,6793.248164426402,0.8143945307223522,0.18560546927764776,-487.00949532563453,2314603662.0368633,659.2337067589096,0.814423285542899,0.053726622222859274,25.07792966625315,-18.78925401296401,-1582.2397235458975
6804.0009,6803.988115827621,0.7854836575295849,0.21451634247041507,-563.2860014672683,2486662971.220709,125.48931708106927,0.785484028614274,-0.006313822075859856,26.857144691902057,-4.108651190503239,-1690.053635533021
6804.2713,6804.261256713827,0.8428518449838207,0.1571481550161793,-442.5016751453154,2004263875.9827046,32.94131495953785,0.8429237941798488,-0.07891538124202149,21.645266756686368,-0.7005789587069952,-1497.1980309935675
6806.8449,6806.839385070097,0.4962319892720687,0.5037680107279313,-242.89291377785665,5103415380.595526,458.88607457399445,0.49651105474704427,0.24823212112168452,55.073149870597554,-63.203264024357765,-2735.395031302815
6810.2628,6810.254653595046,0.6161517747878995,0.3838482252121005,-358.61035570620373,4410440943.860754,19.711337994038157,0.6163008796548561,-0.16837663855888987,47.54723999770013,-2.02460065883138,-2815.41863611976
6820.3719,6820.357490791156,0.6537051974710436,0.3462948025289564,-633.3631362784935,3623964678.265867,-234.12060769145813,0.654163978755343,-0.2674680383799758,38.952889833052986,16.163501190906153,-2131.4339235489724
6828.5912,6828.587866267207,0.5995438640197691,0.4004561359802309,-146.35931762656318,4097961579.697996,6.34362382971756,0.5999847008828478,-0.27828877028514226,43.94162188140963,-0.5579943248695156,-2066.2225659061514
6837.0061,6836.996432726406,0.8264584790792799,0.17354152092072006,-423.89544054506837,2006832036.5089555,455.18110153379314,0.8265136333269666,0.068836685072054,21.46596036301286,-9.566641834438608,-1144.2546539836899
6839.8305,6839.829243419228,0.5092967501351392,0.4907032498648608,-55.07642891132523,4725270777.417211,89.15808319756346,0.5093859780899314,-0.1342323911709936,50.501721827537736,-10.375944647429623,-2223.0821219137692
6842.6858,6842.680384941702,0.6823128916738348,0.3176871083261652,-237.24509423517904,3511633100.485654,-442.37203844560435,0.6837194668142508,-0.4599447271195641,37.49959940755325,28.39726227906793,-1957.7032576819845
6843.656,6843.650456349019,0.570424002752431,0.429575997247569,-242.84457808868513,4133749774.511494,712.3688348943044,0.5721839720267081,0.5593878205728696,44.13046965454428,-63.340155114893754,-2016.0208038093251
6855.1621,6855.15660179605,0.5037149059349231,0.4962850940650769,-240.4494674907804,4704256890.895925,447.1205499790553,0.5047379965065486,0.45341981654111807,50.05255750109221,-51.22758120529969,-2271.906264925389
6857.2503,6857.2405268834345,0.7389967961658299,0.2610032038341701,-427.271356477805,3160796339.6526976,-586.0441837781078,0.7402530422628865,-0.41165203366804365,33.60994112356684,30.284788110420617,-1927.415906049636
6858.1498,6858.143995485742,0.619871809479621,0.38012819052037905,-253.734556342043,3878539433.580695,959.2440854507724,0.6217480726777104,0.5590392649534413,41.231109050392675,-74.60965912943244,-1983.5196168664104
6916.6815,6916.677537652708,0.5406365826691766,0.4593634173308234,-171.74158357430315,4643222691.993086,267.47900250420133,0.5406950935929788,0.10660468448027051,48.52823093970558,-29.066011164680237,-2249.336488372569
6945.2052,6945.204808346864,0.2860254298371548,0.7139745701628453,-16.90585849085418,4271473559.477235,-54.14802245741642,0.2862081112959427,-0.17988658505203572,44.27694135652194,4.91849432751041,-803.2171107328603
6978.8516,6978.851636354229,0.30798022014660925,0.6920197798533907,1.561678687329258,4518946480.692259,-45.160781068604976,0.30880071869984027,-0.3902163668153296,46.391591407903796,4.525152757952791,-871.3520260085985
6999.8841,6999.8802695004415,0.5599238439814886,0.44007615601851136,-164.05341312374532,4356424483.577215,-124.7440218189876,0.5605776738959182,-0.34103105935277184,44.45483178653829,11.512180457539726,-1998.717187549152
7022.9539,7022.949584596858,0.5112701661326117,0.48872983386738833,-184.21384133354306,4829469344.844209,-355.9781383381637,0.5136735681322561,-0.6872601599471841,48.95874949335266,39.977239685551076,-2193.4221689396513
7038.2234,7038.215117838991,0.5297887582290719,0.4702112417709281,-352.7778624221022,4672588011.93604,565.2098193865223,0.5307528176463342,0.4274532407691424,47.16310850410884,-59.03184686002003,-2320.9708881023225
7090.3835,7090.379003857717,0.5145055980448416,0.48549440195515836,-190.1038986760287,4331986951.775374,504.9900843222039,0.5157031151183237,0.45525148957211803,43.08422087289135,-44.34024423406537,-1805.2276606276716
7130.9221,7130.920818508248,0.4320454786064294,0.5679545213935706,-53.87543950003226,4648820745.863733,210.9767012570064,0.43222883504920345,-0.18300149438759622,45.71108993084889,-20.97164791014057,-1802.8737325798797
7132.9863,7132.980716424713,0.6159346640772192,0.3840653359227808,-234.67222410744714,4389160059.651661,134.81790697961964,0.6160220426921553,-0.1227518013578372,43.13296599880015,-11.935663580929297,-2329.294791321498
7164.4486,7164.447746382909,0.40251429454465265,0.5974857054553473,-35.71914324864367,4546664277.364349,33.07652358606381,0.40294341792618216,-0.2756444139621771,44.28916094482281,-3.101035768707002,-1540.0029646801509
7181.1959,7181.189604965131,0.5516702422288319,0.4483297577711681,-262.7980078327436,4445709255.376436,601.2157130763385,0.5530429542866789,0.4878506875791206,43.10406948317816,-53.51463370159611,-1910.3636827202781
7187.318,7187.31543627676,0.29834417495320065,0.7016558250467994,-106.93625797709645,3510745434.60541,-87.3237810129655,0.29914607466642423,0.32987082774269005,33.980982610942384,4.83482095923503,-1411.282340140215
7207.1116,7207.105762638918,0.5131327816759056,0.4868672183240944,-242.8152808061942,4097264636.8619905,634.8958349538215,0.5138080849787706,0.32706317438928373,39.440483393810396,-47.4850745661342,-2089.5072561753864
7207.388,7207.385234423141,0.35425842443632066,0.6457415755636793,-115.03461231077468,4285891689.9021406,-403.4578541403792,0.35543174755083634,-0.4407681679531093,41.25301783864386,33.0138863530092,-1206.4349881748667
7288.7385,7288.736959571537,0.5197214906605302,0.4802785093394698,-63.35922675007213,3872927816.049679,679.1810170467959,0.5198932111744731,0.15842172854583547,36.45061432327224,-43.879009288211435,-1591.6965028704217
7307.9318,7307.9301447724065,0.5863081462964085,0.4136918537035915,-67.90221398823913,3803599969.9020505,1278.0302532511157,0.5863693745572359,0.09352000584455118,35.6103354631052,-79.01270759554275,-1826.0486352559653
7311.0759,7311.076392967355,0.5206974030194467,0.47930259698055333,20.21424713789774,4041020965.6345987,1319.3192480447026,0.5208114328188712,0.13157365934811036,37.80058006457091,-91.9469741484379,-1875.5534699115135
7389.3988,7389.380922568131,0.41336029444035577,0.5866397055596442,-725.2984157258209,3089075757.1092553,-1648.7039534615549,0.4137703655594775,-0.21630505590390064,28.286711005683056,65.03167408399726,-596.943153335874
7401.6849,7401.677677887294,0.6581588106581486,0.34184118934185137,-292.5191965765012,3831292259.10627,13.178530522430965,0.6583873699605265,-0.17876150068498056,34.96672425519702,-0.7956395184247949,-1729.9971561344612
7411.1544,7411.150375112572,0.41992340560020647,0.5800765943997935,-162.81281298486763,4293869027.31328,-39.293471980997865,0.419939298255782,0.04984695081065449,39.08836877547541,2.9683179400076454,-1280.33587131241
7418.6674,7418.663737761541,0.6167807071247128,0.3832192928752872,-147.99308425398988,3786824580.059466,55.69515919264257,0.6171320413421317,-0.21980144652657707,34.40280223001277,-3.26242146969304,-1404.938377037131
7430.8567,7430.838362713735,0.797178323395613,0.202821676604387,-739.8043515824223,1947226784.889047,468.23553542036905,0.7972983952863025,0.09205857077798751,17.632378912779682,-7.216611027333814,-879.0771844162149
7440.9122,7440.908170400349,0.6620460920560381,0.33795390794396185,-162.35154393804925,3174977486.2138963,-178.3531708118505,0.6624783664421358,-0.22270532768751403,28.672051276298177,7.278361155604166,-1073.213618074261
7443.0224,7443.014070851508,0.6854129864278519,0.31458701357214813,-335.48413066004815,3062129012.5650907,623.2078184816739,0.6861121821775757,0.2784718386140042,27.637312460934584,-23.63647141346765,-1146.6549661044462
7445.7508,7445.748401476184,0.381287811244071,0.618712188755929,-96.57311527515348,4122034931.165528,34.98003946972667,0.38129248871083293,-0.026373157286952872,37.1761967786375,-2.4014185516333337,-992.4064324291036
7447.3938,7447.389066606645,0.7660978144579526,0.23390218554204745,-190.54123717700008,2435588095.720003,-94.54464339686096,0.7664535432231884,-0.17672882987737382,21.956633936896793,2.2645493340176497,-967.4541693636957
7461.5206,7461.517468471154,0.5592089109349028,0.44079108906509723,-125.82002790013463,4185980323.262978,572.574737168478,0.5603221574796605,0.410104403063951,37.59350915964072,-40.28045510143057,-1455.5422092852527
7473.5539,7473.543404458037,0.8292031011914183,0.17079689880858173,-421.0158065622061,1666380491.5955555,241.4250613442852,0.8295637327637411,-0.14654844307644224,14.917328538806013,-2.67855342959623,-661.8339783982871
7491.6486,7491.643486884659,0.5600072658686642,0.43999273413133577,-204.6109605605189,4059546083.4096417,438.46753897313846,0.5602850442903009,0.20064812312683664,36.165400281851426,-28.66225754405065,-1450.4735925313094
7495.0674,7495.065853377243,0.3658761953955995,0.6341238046044004,-61.862797643591655,3837537420.4194665,149.18109692765645,0.3659208654581442,0.07813227257634722,34.15637096501508,-8.702458989081824,-833.9385073754322
7507.2663,7507.25966109451,0.6002154566949083,0.3997845433050917,-265.1156513906332,3473394813.6851034,210.63669212945928,0.600375859624214,0.14064934148321062,30.814936761773087,-10.017222441579465,-1092.3478763272683
7511.0205,7511.023174375923,0.32514078214124403,0.674859217858756,106.74418099917435,3560636918.9275994,293.00178076669823,0.32521297965238594,0.09549549200496628,31.557274751845085,-14.621018834490185,-638.3479597190162
7531.1451,7531.142000765055,0.4803394883303388,0.5196605116696612,-123.37131334999332,4474223512.740223,-196.24054334129247,0.48100733618804703,-0.32476752067998493,39.44264287504398,15.338782224384753,-1356.9429966035343
7541.9128,7541.907904602288,0.9151712214947557,0.08482877850524428,-194.59298349174625,992908036.3728694,-3921.2481251746467,0.9165864163898675,-0.22377984181610622,8.728037035089994,15.02962007524194,-448.1309546865947
7547.8968,7547.889938651729,0.8603380498641771,0.13966195013582294,-272.5236603101527,1592717414.0181382,327.5242138408911,0.8603450416744837,-0.01977030162228395,13.978404871344582,-3.2225042209694648,-632.1743792920182
7559.72,7559.70078375713,0.8161299401731126,0.18387005982688742,-762.0500076186906,1506363386.4157047,-1920.5657318737913,0.8163303375912079,-0.1030023641992513,13.179245347718693,16.8238024686052,-601.5683641221602
7563.0108,7562.99976392106,0.8691993748485018,0.13080062515149815,-437.4624497717373,1447765644.2233832,1683.394530469375,0.8692022775718484,0.012125015901943653,12.65552299209586,-13.603463187226403,-576.3706637926429
7568.8999,7568.895444845785,0.5204783395830925,0.47952166041690747,-176.46179108586284,4364364407.661667,747.0956401194557,0.5220008210023703,0.48344130304940747,38.09131779539699,-54.73561423153455,-1470.5055647571867
7582.1219,7582.10423349014,0.9093499682064119,0.0906500317935881,-698.5229840648883,975340328.3756666,2686.1009731087634,0.9096166280213901,0.09536497238161348,8.48294566203182,-9.777205595824789,-361.3592961268036
7583.7882,7583.79005112981,0.3923844460952768,0.6076155539047232,73.17645763382338,3950720395.535694,175.7799860149088,0.39244278809102795,0.0895438400916562,34.34580467091702,-10.490891881946862,-761.9458287777761
7586.0187,7586.017064909771,0.4133719261631143,0.5866280738368856,-64.6172568406611,4309706682.311177,64.24641604947054,0.4136426432867257,-0.2013096160719884,37.44467684320456,-4.558817299131592,-1125.48612549604
7588.3053,7588.302069641538,0.8177360328901878,0.18226396710981219,-127.6223168806872,1548038962.575132,2795.6929455513864,0.8178460206249724,0.07709555716037121,13.44196221544365,-25.5722366339578,-599.5785394144937
7617.9897,7617.98903222454,0.8430418639757326,0.15695813602426745,-26.27911751335247,1419530199.8653507,1798.768090624136,0.8430758343690136,0.04080167752078959,12.230211137557498,-13.673910083274514,-467.6986568696544
7620.5128,7620.518913771421,0.5542544169565867,0.4457455830434133,240.51695860829716,3545745636.567193,-257.98890567800606,0.5543034841761413,-0.07742460876495898,30.528712627657104,12.223958028125463,-973.0706900206656
7653.7596,7653.760608241959,0.6664351563149029,0.3335648436850971,39.49213860888034,2278223106.6620398,40.73559374539389,0.6667083037176755,-0.14573292894138232,19.445383286097087,-0.7864864299898938,-294.02656565702756
7664.2933,7664.291361705599,0.3516477601705612,0.6483522398294388,-75.8173024010377,3256405671.0502744,-718.6055385340378,0.3517852154069879,0.1233037794297215,27.71816617714191,28.229347992243603,-577.3568973695561
7689.0365,7689.023574779533,0.8531076242530689,0.14689237574693115,-503.9491767251122,1373937441.042963,1133.6095099647798,0.8531200311673922,0.024021613486489783,11.619690970853783,-7.851147233830095,-425.9361704145127
7696.8127,7696.790084053034,0.9469814019106421,0.05301859808935794,-880.8958455141382,458011198.3787929,-2934.9732035583284,0.9470322723155431,-0.02806886358222489,3.8656881562413448,2.2520431565590338,-148.1832282941562
7710.3645,7710.360953923601,0.5535354187456304,0.4464645812543696,-137.87765283027747,4458621672.146642,-448.59117902435923,0.5563745285667109,-0.6540629850538681,37.49913135897589,32.44719414072108,-1468.531139984171
7719.0486,7719.040412509813,0.8154690970927365,0.18453090290726348,-317.9857953008077,2087732472.9522674,-459.85559903714045,0.8158666451909184,-0.16699566399401536,17.5193593739613,7.268261244190982,-738.729599872634
7720.713,7720.732667605578,0.9234642600029,0.07653573999709995,763.6859211491422,527738978.76070035,3411.5678617726776,0.9236736740246068,0.061038649070658944,4.4266190262311085,-3.443230646638606,-51.77516070183994
7723.208,7723.204969890072,0.4794835033406121,0.5205164966593878,-117.62004898096826,4710378939.332238,620.6874364226416,0.48172466412852993,0.5972333755754835,39.48487150120391,-49.8587362499218,-1250.7435745982857
7733.7232,7733.715111818582,0.9165172592454252,0.08348274075457485,-313.53278691779656,977323334.0520233,752.0615683174597,0.9165286098817368,0.019262959993956916,8.17018579019714,-2.5900892157513757,-383.5197577022179
7737.6661,7737.653668319212,0.9598231221485167,0.04017687785148327,-481.6599853956638,534672607.2080383,7170.659998657457,0.959976173473237,0.05248748562623229,4.465184048922412,-7.380001324449734,-240.0391075172579
7742.7047,7742.70495912361,0.6697773896555114,0.33022261034448863,10.033096561984637,3061876040.825939,-196.5145492711633,0.6699963729756957,-0.14959496784633036,25.537135906214644,6.619742379914936,-952.1664403775013
7745.514,7745.504120076612,0.8555151504414432,0.14448484955855678,-382.4054178247958,1607901581.948978,786.940475621936,0.855518386985914,0.013173209323919983,13.400780332883969,-7.302323050545222,-605.702237511481
7746.5943,7746.589609679162,0.8633784263755606,0.13662157362443939,-181.51496751659457,1511003848.0078537,-620.3365222649348,0.8641276197178834,-0.19428509952870313,12.589673772334631,5.0813153229943735,-555.9434622574079
7748.2694,7748.271979741348,0.3418521647787546,0.6581478352212454,99.81415976333933,3580176847.6389685,233.12135184442016,0.3433095469576116,0.41730716142350616,29.817056635869385,-10.713361092221621,-387.74833473862896
7751.1091,7751.101399169022,0.7192900795598892,0.2807099204401108,-297.84783280960113,2822571923.8698587,-302.635676536732,0.7194555944988518,-0.12474980584442524,23.490279537760024,8.635136458750294,-991.981095800788
7780.5573,7780.554726393724,0.43417991747668994,0.5658200825233101,-99.16355881942353,4378975888.42502,34.988467886575194,0.43445625996708404,-0.19990661862322026,36.16774521788458,-2.3756784018917747,-1043.7767908213098
7802.4728,7802.464633007878,0.894803981996794,0.105196018003206,-313.7982925996729,1157078477.1633515,3255.57769285882,0.8953509938843189,0.14492154356924392,9.503185400566263,-15.304092072027391,-349.91726526708305
7807.9091,7807.903069010685,0.6664479121077409,0.3335520878922591,-231.56585044778373,3332349427.5211253,-49.76334962029516,0.6666812959367078,-0.15972351788687328,27.330760278149764,1.9362290743812247,-992.0262931240169
7820.8034,7820.792340872769,0.9330772239050744,0.06692277609492558,-423.9261321630132,777436486.2928605,1231.7538566375385,0.9331502332847801,0.04309970798864513,6.355261337503146,-2.5956779400727013,-285.8082782830797
7832.1968,7832.194408421158,0.4069129327386363,0.5930870672613637,-91.5422987585844,4554973429.455002,288.3871245674256,0.40724592166123774,0.22253553273311016,37.126921054653444,-20.77047782216235,-1016.5607769873533
7844.5589,7844.548926943949,0.8969332033159273,0.1030667966840727,-381.1364062073008,1353617834.776928,-1445.8864609222937,0.8974852342612317,-0.1560977410556596,10.998415437321682,9.153173613230049,-564.0530337197723
7855.3988,7855.387618845957,0.8128094624532611,0.18719053754673887,-426.7161654178578,1922420580.1252687,-124.71608619840798,0.8128210094805657,-0.02682372753868974,15.57697674950827,1.5858632293289585,-636.9630380109892
7869.6106,7869.601182231158,0.7676938224852162,0.23230617751478377,-358.7694758221726,2559390730.9384503,1424.4107041379277,0.7681937517739855,0.20393691399940259,20.6633698852999,-31.930046039118803,-902.3048568141853
7879.7584,7879.749865702076,0.9208330551751837,0.07916694482481634,-324.6949997663444,934986173.466417,1217.8005711380183,0.9208351244942947,-0.007893348820350995,7.5292259422461765,-3.6290968425855565,-341.75693165249464
7912.867,7912.8652468223245,0.28689788152273316,0.7131021184772668,-66.4221254712996,4270197898.7648873,-194.19478570222006,0.2889713609388471,-0.5322705152778969,34.09969283992982,11.920145628705018,-552.9180983261992
7924.1504,7924.124386413417,0.7935084326874653,0.2064915673125347,-984.1657047979204,1905546691.933054,2143.6433253447753,0.7948111441681546,0.282982892877401,15.173544089252484,-26.090786123843962,-537.7880832940407
7937.1406,7937.139576632022,0.3823586833091885,0.6176413166908115,-38.653466902180625,4213993887.097091,343.1641197864449,0.3831563081665381,0.32705701377362034,33.44535965528967,-20.325766133755934,-755.2117566495621
7941.0892,7941.084710628562,0.5753240731013327,0.4246759268986673,-169.48300976307326,4368995892.578062,619.4759234286028,0.5765844955729088,0.4190675093018542,34.64112463540588,-39.38197747815042,-1237.771603143358
7945.8469,7945.846353632951,0.3812692354249327,0.6187307645750673,-20.614129939799763,4073712632.3741684,617.5824427936245,0.3814215371355712,0.14034374039638464,32.26116661658641,-34.07254179776286,-832.5106506347687
7954.9345,7954.925528005554,0.8141349705222508,0.1858650294777492,-338.1217366661397,2309703777.443702,-872.9109390924513,0.8145942882096017,-0.18338752431567343,18.2496295225035,15.428491014232074,-878.3299690294309
7955.6922,7955.682687014587,0.8440160641003882,0.1559839358996118,-358.475567975025,1957911502.4340682,319.5290265050169,0.8440843925391952,-0.06499370456285014,15.467073748151034,-4.057078159836414,-703.3855265838534
7959.1435,7959.132339850025,0.8495475547170763,0.15045244528292367,-420.3629187725281,1724654578.7556505,-1824.0323751806538,0.8500864811325762,-0.17183415782216077,13.612587305789846,17.94687828628142,-710.9870270767791
7998.9458,7998.945433199522,0.3998797084036324,0.6001202915963676,-13.747313676606186,4167859870.184016,73.10115447228009,0.39987988074305775,-0.004738371471187231,32.569991477778544,-4.138105440722668,-755.6196876436615
8027.9418,8027.936433908932,0.6863666762907092,0.31363332370929076,-200.38929917696842,3516395222.3709655,454.7573266764743,0.6864071266156838,0.06646352000605148,27.28097173257904,-18.126443167965235,-1112.238318668604
8028.3145,8028.308417631797,0.5689250294142706,0.4310749705857294,-227.12714034107557,4506850240.439149,159.30053695261205,0.568933642983431,-0.034704435273006866,34.961900711540004,-10.42895157183955,-1271.7744518610182
8046.0479,8046.044389483541,0.40971769638772537,0.5902823036122746,-130.80040923530203,4567081750.041673,215.00049822627676,0.4097481085489583,0.06551683826981888,35.27312532247221,-14.358830406419276,-889.9366946152863
8047.6185,8047.618059411612,0.2528920729450506,0.7471079270549494,-16.412939507799177,3815962442.5348735,-161.24994470910937,0.2544701562489605,-0.4315665023007848,29.46045044722726,7.513719696445541,-181.65641863043783
8072.1647,8072.15186515442,0.6842729560970863,0.31572704390291373,-476.67385980127636,3239563334.975171,-369.52016786792103,0.6851037152233043,-0.2876258436924968,24.858666707363245,12.296808968921018,-1025.1771432610442
8075.1509,8075.145908422648,0.34068483517893516,0.6593151648210649,-185.31384268321074,4731330801.113932,107.6787570229478,0.3409181836188547,-0.18395570415899662,36.27877060800763,-7.634750125171439,-764.3884199346353
8080.5475,8080.53351384617,0.6483598645738792,0.3516401354261208,-518.8934827344019,2957026074.984429,107.40218122890766,0.6484032992455685,-0.06271383994892668,22.643579788859103,-2.968606292790561,-976.6212148898451
8085.1723,8085.16221461883,0.4314925102409113,0.5685074897590887,-373.9587851244566,3861272256.410188,-544.317135017644,0.43154727141543264,0.08038199035935284,29.534046447854564,25.609195974507614,-900.1360010795653
8096.8755,8096.8581854625345,0.6752815529055933,0.32471844709440667,-641.0828159514042,2890468026.2177925,371.1312811259897,0.6756855277416515,0.18886279369263043,22.04474646677343,-9.742347203922325,-685.705053222895
8108.3212,8108.31573987696,0.7399199813109804,0.26008001868901964,-201.8794849002675,2528077864.773994,290.2632261966837,0.7402407499314313,0.15710931639780878,19.22645193788543,-5.80403811698312,-749.8145983647719
8112.1635,8112.155138172826,0.688560697741762,0.311439302258238,-309.01900852861706,3281199113.4568844,-395.0079019604734,0.6888755707123433,-0.17732649428808175,24.930448680618923,13.286528190054607,-908.6587359284279
8178.994,8178.996199986519,0.7202692928783561,0.27973070712164394,80.63820149634616,4116857814.1505456,-183.26406571684927,0.7217577982500546,-0.42776225312670235,30.770592534675618,9.468001868817524,-2148.4161778048274
8196.517,8196.504584017239,0.9401278766496997,0.059872123350300344,-454.121914272815,858401894.9675903,4241.76540810169,0.9401906159708738,0.04012174481133197,6.388564734767181,-9.46653891558915,-377.8653435719714
8198.9221,8198.909529358205,0.5214976954272347,0.4785023045727653,-459.64378687089476,3834022462.9861054,49.17904671466145,0.5223757040452766,0.31636206235951514,28.517566890561678,-2.1876126744213424,-1037.7159145945934
8204.103,8204.09751491114,0.6199882210475297,0.3800117789524703,-200.43486429016508,4257304871.226454,-8.150992288147602,0.620705195360001,-0.30103975139691663,31.62591711611624,0.4462074792962072,-1244.4552259269822
8204.9372,8204.934899367787,0.47671304703671197,0.523286952963288,-84.06062952496374,4667110354.682367,483.0524321539806,0.4769757719871056,0.1910796443451346,34.663131536304014,-31.769786462665298,-983.8418163796666
8207.7429,8207.73940447982,0.6067240481463487,0.3932759518536513,-127.67585428003854,3820936177.863493,-316.8946302214708,0.6083082141803209,-0.4243288064257516,28.35911473303223,13.955103804491626,-870.4665823012891
8215.8048,8215.789813180736,0.9566957791442109,0.04330422085578911,-546.8649139177064,460211081.840528,-8543.768957714337,0.9572532919025138,-0.08782623001436614,3.409011265838862,5.442080746005154,-118.92791047063051
8220.379,8220.377116975316,0.35334217266430884,0.6466578273356911,-68.67281893471723,3662655877.4274836,-105.14388853819003,0.3535813377868641,-0.16104203077114193,27.10083286022248,4.234970060790263,-449.5121262999921
8232.3178,8232.29337385547,0.5363986060333472,0.4636013939666528,-889.5154543874072,2492875286.7155924,-1968.0685842793696,0.5364305917014245,-0.048571616617611155,18.391996627389915,36.5618462332326,-344.1262466016419
8239.1281,8239.124419589596,0.4921273741441306,0.5078726258558695,-133.9169955875892,4662919516.617821,148.39326911741264,0.4921273813878738,0.00099757441546108,34.34518035978499,-9.6213532282037,-968.0984666872793
8248.1309,8248.127642124735,0.6061640939673059,0.39383590603269414,-118.41306175565951,3925126972.8496084,674.8087723831258,0.6069835390828537,0.30823499000958154,28.84781791789682,-30.900913760674232,-930.1739101634378
8269.6488,8269.642998541452,0.8590102486983598,0.14098975130164015,-210.31528185366034,1625284869.8043575,-929.7360675370597,0.859108012138957,-0.06821608847749484,11.882996629112027,7.242819813964864,-489.538764519547
8275.8921,8275.887871215757,0.7933934250792654,0.20660657492073464,-153.18682349845065,1900144732.0949812,2348.3829064646934,0.7934966220449491,-0.0754717072985148,13.87162981947952,-24.948692049376742,-600.3742824318138
8293.5146,8293.509180595622,0.5366744577233044,0.46332554227669565,-195.89964423360541,4545367896.865265,125.14737450852815,0.5367207826361151,-0.07823478202881025,33.04170010622212,-7.55951852489659,-1059.4078222489488
8300.0001,8299.99007489684,0.9409306410780321,0.05906935892196785,-362.1024435915142,862758985.3782876,2748.165961747553,0.9411611642652221,0.07613286648275641,6.261874355847868,-5.966759325645711,-329.1010528172244
8327.0563,8327.05789991142,0.20786292471570147,0.7921370752842986,57.60035239168838,1926121767.261418,-930.3416382853993,0.20797681801863183,0.07946486402313158,13.888987107347175,9.96975498578873,64.09431122327827
8331.9157,8331.91141215936,0.47449607493303564,0.5255039250669644,-154.28171999524417,3828386616.209354,-636.9506728063702,0.4750698556894381,-0.25205138353309176,27.57379269622597,26.918617382174183,-766.3791790923876
8339.4039,8339.39535111954,0.47529403275799675,0.5247059672420032,-307.32291143578493,3656579966.3253593,-203.69148825066986,0.47686850958594473,0.40594973680250107,26.28911422735073,7.831927240149898,-1020.0711628273172
8342.8571,8342.854797803931,0.8316956959232078,0.1683043040767922,-82.72717723678734,1148028345.3075867,3743.6289484592285,0.8317850694804307,-0.054138315259763384,8.24694779509363,-14.171090300893006,-134.8138391647547
8349.0449,8349.041223023089,0.467404808334712,0.532595191665288,-132.03066455063743,4262780128.9959526,278.3448063401328,0.46922128303173843,0.47180878228822515,30.57663762103407,-14.494674690483562,-868.5400220833731
8360.7956,8360.784703653528,0.6338020707580201,0.3661979292419799,-390.70952673392367,3612215145.2300034,0.9384540698740904,0.6340577810171042,0.16253630278711745,25.83744309767805,-0.03494366243969289,-953.5598469878609
8365.6336,8365.635384337236,0.48482094431521905,0.515179055684781,63.94385312229951,4048880083.995135,65.58766802777579,0.4862718356882394,-0.40931734617008997,28.927243732127945,-3.0629825611539654,-733.6235872601667
8387.7725,8387.778012271772,0.20938150554543733,0.7906184944545627,197.01744462260874,1819433195.006124,-1467.2617333877022,0.2096902617252587,0.12605661083042613,12.930408999993775,13.727401507664924,136.1158835774151
8401.4,8401.396782795542,0.5728202857836895,0.4271797142163105,-114.80153691230227,4510405063.877137,32.441483844294154,0.5732365400330469,-0.23056982910024404,31.950860434780537,-1.856207894727634,-1156.4575388941153
8424.1406,8424.130253856205,0.7959581726077186,0.20404182739228138,-368.1913712753504,2297360503.1185064,1857.135388833397,0.7962211233020243,0.1308806386003326,16.186353021269014,-27.344875344483565,-621.1411094469979
8439.5721,8439.56775093942,0.6055030228668504,0.3944969771331496,-154.48834909882626,2964966671.074002,-801.4762320806997,0.6065494269937735,-0.2958986150453919,20.81370583580106,19.548748939120248,-671.813894518913
8446.3844,8446.369381874983,0.7635519412639813,0.2364480587360187,-533.0470885874952,1800651424.8402648,782.2845462241551,0.7635920065764187,0.044992030583472925,12.620004584219027,-7.02042072112228,-429.610930158685
8468.4074,8468.418549142316,0.24092465221929987,0.7590753477807002,394.69390424682535,2399920051.2452908,145.81554627097694,0.2418070630024799,-0.24294072742215983,16.73255068008586,-2.3064271136952037,104.17826154903297
8471.7444,8471.724161232733,0.7671976803010138,0.23280231969898624,-716.1960393760244,2131483366.7919972,-1624.028924817888,0.7678423915190777,-0.19642026097480048,14.849380605318116,20.239115885190724,-500.4358942308716
8481.9818,8481.980924147238,0.7744256348184538,0.22557436518154617,-30.956686603066057,2540509252.3012714,-144.61897153737186,0.7749835427739529,-0.1984663309219736,17.656157832906,2.5510810558566264,-639.9951625971084
8514.0721,8514.074203683707,0.27140788280487205,0.728592117195128,74.07366325288379,3073111114.259167,-249.57526659602573,0.2724090819239148,0.2910448870744843,21.196951484485513,6.369349481463096,-35.603067175110894
8526.669,8526.666210297242,0.6721571038372087,0.3278428961627913,-98.08423978752272,3371991374.462382,-81.18320428101978,0.6729491177764968,-0.2709723255074759,23.18984976134715,2.4834225126169915,-800.5935196239737
8571.8052,8571.797964738013,0.825676781926073,0.17432321807392703,-253.04786157620904,1794738417.9994612,2012.7041033584578,0.8264433623705278,0.19440947331394504,12.213139316580445,-17.167844594627827,-361.89911741560167
8582.2574,8582.262023394138,0.45579994484539044,0.5442000551546096,161.50281076297884,3762747489.5554533,-107.18972659581516,0.4568454551158093,-0.3268866735830184,25.542978597334816,4.0041220303319545,-432.4420649421615
8592.9507,8592.948956011103,0.7410368486982797,0.2589631513017203,-60.84460811506409,2447443242.774409,1374.6065018884271,0.7410376760878404,0.0074070808787945735,16.572887010560652,-21.64343845194349,-539.2834569371206
8598.8302,8598.8251689858,0.6594666621063087,0.34053333789369133,-175.40294180249742,3606904335.346253,98.69152371015059,0.65954018793909,-0.08468173126255828,24.390819383108337,-3.368069513282739,-795.096872920616
8610.612,8610.599125845292,0.797813702308061,0.20218629769193897,-448.2346300410896,2382589032.9833703,185.2543121649391,0.7978854592101163,0.06791714549911992,16.067651417067506,-2.7473613979182727,-614.2363868929118
8611.804,8611.800605504786,0.36276763748281343,0.6372323625171865,-118.1685119416905,3775019957.013168,-529.8644607606755,0.3643384470212838,-0.4009367898834968,25.45079335172829,19.71835582119097,-345.0722833173139
8613.941,8613.928712784133,0.808481137689794,0.19151886231020598,-427.6340698273365,2175754491.1858296,303.96412395416013,0.8085668769844231,-0.07088014429240001,14.661464271891502,-3.754806723693429,-569.2837648790104
8616.2796,8616.270641692401,0.7484804435611259,0.25151955643887414,-311.6928859346629,2928577061.6270876,-483.6761220003196,0.7495669948293585,-0.2930853303545945,19.72368222643537,10.81581539762558,-722.7830634488381
8621.6007,8621.599334969636,0.46549637072660527,0.5345036292733947,-47.46517757526523,3945322681.7808404,-18.841544980735886,0.4662598317536504,-0.28463208013147806,26.53852986455696,0.7632509655180181,-473.35392694774066
8688.6255,8688.6366057423,0.18037991849296078,0.8196200815070392,383.19269049513406,1564517828.942694,-934.4100048865033,0.18096058542085247,0.1548366691805508,10.36208746321802,5.815578384139175,61.964594796467395
8699.454,8699.449146464656,0.6667127213638971,0.33328727863610286,-167.25800155018126,3306438763.7489552,39.56382691288019,0.6667713425608105,-0.0715642174701298,21.844745063862284,-1.0957041362132194,-639.0641534081919
8710.3915,8710.386169988376,0.6207418833575294,0.37925811664247056,-183.4472406570693,3338409055.13084,-252.3074044726736,0.6207898948209764,0.06498315209907686,22.00061062334452,7.096532039214532,-719.5976053803313
8713.2034,8713.189399991363,0.5999046544579923,0.40009534554200765,-481.6939085211529,3769274460.399618,780.3431506692957,0.6013689882739963,0.3826565233132169,24.824096865968343,-27.952392405284993,-667.592923557108
8757.1876,8757.186831567731,0.3853693808298032,0.6146306191701968,-26.306413542875976,3944035236.483814,-26.30851107931328,0.3853825660965388,-0.03682728385060108,25.714705802755176,1.016326613407992,-390.7406447534
8763.9664,8763.964325669616,0.5192580225158355,0.4807419774841645,-70.95743820232214,4311789184.376612,29.531231197719013,0.5193433808365976,-0.0978880052435146,28.068959960259537,-1.360329416253356,-775.5618826173917
8784.4405,8784.410987979632,0.8261852544028374,0.1738147455971626,-1007.176396348666,1662124772.6242998,-403.2234492091964,0.8262615995472143,0.05732203814349045,10.769817243342555,2.740844437248167,-390.5457633914947
8793.3438,8793.334902561804,0.5854345829932781,0.4145654170067219,-303.34135993905437,3793039379.64129,-149.60924990310392,0.5858180168199549,0.19381671896905373,24.527321736075873,5.279850288277483,-892.1240586486267
8796.4836,8796.470229431814,0.8588890100889827,0.14111098991101734,-455.68157498832556,1296286690.673146,1155.8473753077383,0.8588913883328054,0.008927868064951218,8.376337968428215,-4.759119445595565,-439.4853818417233
8804.6258,8804.6290971371,0.49420481967706353,0.5057951803229365,112.26562696402422,3893753491.2456956,199.43154174141466,0.4942373600684796,0.0571828649330498,25.1140252433948,-7.388339747314964,-564.9076781626944
8808.171,8808.162529517309,0.7860986292037414,0.2139013707962586,-288.2989926605956,1856722608.7102447,-461.76522623897336,0.7864698024015903,-0.13334996544982664,11.965928146290228,3.8851574030946425,-339.5983067862701
8824.2211,8824.230488613517,0.21260824162356792,0.787391758376432,318.9670217238694,2034691826.6616993,-336.3236179156648,0.21391975551396417,-0.2622164119059737,13.065166786593993,3.3796631671767003,75.69693179061716
8838.429,8838.42897393266,0.3872180809069695,0.6127819190930305,-0.8841833866768064,3878342033.3873315,-247.54982453594218,0.3884371583532383,-0.34823785486089565,24.823668270550634,8.994539010660715,-357.00763230946563
8846.7407,8846.733227729273,0.7364331948954707,0.26356680510452934,-253.21533477599928,2745330243.965105,-270.24443322609363,0.7371884958942672,-0.23024486143920803,17.53875397683547,4.9062136112444925,-558.9959936523463
8866.9329,8866.930322244421,0.4564228539362396,0.5435771460637604,-87.1543395763816,4081408139.24555,-271.4180755587095,0.4571278543260049,-0.2707693471806656,25.95574143190147,10.816536834879594,-497.02942250580986
8868.429,8868.430488295224,0.5470428993503156,0.4529571006496844,50.31101713017992,3919153319.7219195,370.9199008652099,0.5472334882336295,0.13791145032991442,24.9154494238182,-13.623027861410845,-611.5415912485412
8876.0241,8876.00995472093,0.801859904977509,0.19814009502249097,-477.76436091469304,2434351036.412721,1729.3638278583492,0.8026776958471027,0.22585517989001966,15.449614497448955,-24.442675310168507,-617.9900527148243
8929.0777,8929.07215017457,0.8054782632614554,0.19452173673854456,-186.33456476902288,2140183409.1047723,992.3974878489538,0.8054823041746346,0.014732137764823943,13.421724897028973,-10.649223626357683,-541.8799610630554
8943.0639,8943.060890180237,0.5809646596680826,0.41903534033191736,-100.896211267548,3360927885.5142403,-169.02375124970976,0.5811126717050605,0.11149189200993749,21.011488647854126,4.452017495543135,-567.7889885660844
8945.19,8945.18661598916,0.649417876604943,0.350582123395057,-113.41301055289273,3377464657.667883,-273.41424018495115,0.6505394165086725,-0.30785227557407574,21.104837222847447,7.267479943986027,-605.4237423662456
8946.2619,8946.26057309771,0.6426451711377382,0.3573548288622618,-44.464973558722676,3459755002.6901746,-345.6404907503547,0.643973443339556,-0.3391648564358296,21.613856479173123,9.636958216060934,-627.642554359386
8950.1888,8950.183525877637,0.8658566395069177,0.1341433604930823,-176.66019591438868,1537517010.6467118,-1427.9492777369067,0.8666529521089748,-0.17526267332315226,9.596791341769752,7.852466984617169,-298.16948397597395
8975.4007,8975.381719362442,0.4276038614800238,0.5723961385199763,-633.9830586084885,2813936480.7152267,1210.8502392126502,0.42790088528092424,-0.1436785530448056,17.465396045276506,-22.116150108155075,86.06464254068719
8984.8886,8984.881619609134,0.8226865381825735,0.17731346181742647,-232.90979207367357,2081899535.033755,-1319.9334441587134,0.8239409710902017,-0.25519454947716613,12.894516245732701,13.154786154734477,-465.47402506806577
8999.5566,8999.565570356886,0.31189683633904824,0.6881031636609518,298.8197596467231,2890291345.971097,-99.8338601420546,0.3120183728805226,0.09312125048156474,17.843027127609606,1.9082961475074471,-99.64685231382128
9010.5946,9010.59284803763,0.5508992382986438,0.44910076170135615,-58.28972767599093,4090964165.3821535,618.0243561293015,0.5513760607421634,0.21960177592007654,25.19352560957377,-23.58012725303343,-600.5114622880056
9013.9776,9013.976300278016,0.5710829101370332,0.42891708986296684,-43.22695989643198,4098132732.621897,514.5869361927984,0.5714266499099804,0.1864418374277084,25.218729364748263,-19.680261431962887,-743.7228314509961
9019.7469,9019.733324537323,0.8674176842933372,0.1325823157066628,-451.2123643380123,1659223129.3985662,839.8391069012445,0.8676333051067866,0.09385770431203522,10.197351803243524,-5.255014137981409,-362.4529033037392
9024.3691,9024.356368195515,0.6883417350747921,0.3116582649252079,-422.95465966484426,2912126553.2960625,617.9900970415412,0.6887003043441124,0.16033756606679384,17.879187319517737,-11.893306047417534,-412.7507935845651
9030.7129,9030.6915336151,0.6682683195916868,0.33173168040831325,-709.2996000342202,2331437019.3205266,-1443.6249075967414,0.6691225953568037,-0.22197773552640948,14.293930831456416,17.770024223004647,-179.35722469728594
9070.4031,9070.410748418852,0.8160937594704318,0.18390624052956817,252.79342739339288,1764602866.38131,538.0506451417041,0.8161396967270175,0.04440466193915605,10.724154845596997,-3.744428617127689,-257.361008280407
9079.5808,9079.59367622345,0.5839002450467198,0.4160997549532802,425.151200600968,3933713698.6869516,-471.8364644253344,0.5840174432871904,-0.10583045607113152,23.85832361572999,16.268482990214093,-615.6878002937132
9084.1854,9084.176719906716,0.9105362545518868,0.0894637454481132,-286.45678029605796,1155684469.609094,1761.86811526589,0.9113466048850669,0.1509608383454405,7.00225839718881,-5.2353356335711325,-241.27592909787114
9088.3186,9088.324834522964,0.39791982555053806,0.6020801744494619,205.6555283706513,3302553831.077962,518.4347132162983,0.3979935769832666,0.07684098354785353,19.991815137221355,-12.562950877176648,-253.64412583749714
9089.4044,9089.413028237483,0.43886376648131364,0.5611362335186864,284.5819604306175,3365083311.1515255,-130.33066785174591,0.4405184043411687,-0.36719033458568257,20.365456440741767,3.277781866091745,-291.24860526810835
9103.6375,9103.632484978534,0.8251504825734142,0.17484951742658583,-165.1499867360589,2009330240.2007303,987.1325420268798,0.8253546632192377,0.0996225923721798,12.122491575378824,-8.810149148935418,-403.5518369359217
9117.1327,9117.123550249746,0.5873699850227417,0.41263001497725826,-300.864998802071,4088043596.830957,720.5790791591473,0.5874404168433209,0.08330570148756943,24.590640610672168,-26.502599105387283,-788.4421688530884
9119.9705,9119.960836814693,0.9494484597347993,0.0505515402652007,-317.64906204310216,646069907.4834309,1358.5330893415435,0.9494871970159189,0.02453942679721875,3.883860035284205,-1.2468081377491198,-147.0859499577913
